date,floor_price,opening_price,ceiling_price,volume,amount,closing_price
2000/01/04,6.6,6.7,7.05,9734.95,6773096.5,7.0
2000/01/05,6.81,7.0,7.19,11494.88,8115443.51,7.05
2000/01/06,6.9,7.05,7.2,7136.02,5006258.02,7.18
2000/01/07,7.1,7.18,7.7,20586.91,15147133.01,7.48
2000/01/10,7.35,7.57,7.77,28492.61,21353352.0,7.75
2000/01/11,7.18,7.75,7.75,15225.81,11434187.01,7.3
2000/01/12,6.95,7.2,7.36,8451.0,5998250.0,6.98
2000/01/13,6.75,7.0,7.1,7865.21,5388330.01,6.83
2000/01/14,6.55,6.8,6.85,7370.6,4916215.02,6.69
2000/01/17,6.5,6.55,6.85,13971.85,9231203.01,6.62
2000/01/18,6.65,6.66,6.97,8566.3,5789530.0,6.78
2000/01/19,6.71,6.85,7.46,23351.57,16892516.01,7.36
2000/01/20,7.17,7.29,7.44,12818.56,9363204.01,7.39
2000/01/21,7.1,7.35,7.55,16397.3,11981936.0,7.25
2000/01/24,6.94,7.15,7.19,17923.01,12562154.0,6.96
2000/01/25,7.0,7.0,7.66,54077.75,40984772.0,7.66
2000/01/26,7.36,7.7,7.7,20108.96,15120090.0,7.55
2000/01/27,7.55,7.55,7.92,29561.39,23068156.01,7.77
2000/01/28,7.58,7.8,7.89,23109.79,17864477.99,7.8
2000/02/14,7.98,8.0,8.55,45624.0,37693100.0,8.42
2000/02/15,8.1,8.39,9.27,91721.0,81342304.0,8.65
2000/02/16,8.61,9.49,9.49,52532.0,46823868.0,9.0
2000/02/17,8.1,9.2,9.8,72793.0,64294500.0,8.1
2000/02/18,7.8,8.1,8.3,31716.0,25490000.0,8.3
2000/02/21,7.9,8.35,9.13,77692.0,67202480.01,8.75
2000/02/22,8.0,8.78,9.15,58683.0,51510816.0,8.19
2000/02/23,7.81,8.16,8.35,38865.0,31086870.0,8.13
2000/02/24,8.1,8.14,8.35,19064.0,15644194.0,8.16
2000/02/25,8.3,8.3,8.98,68487.0,59699068.06,8.85
2000/02/28,8.88,9.1,9.4,88375.0,81199372.0,9.35
2000/02/29,8.68,9.4,9.55,53421.0,48564532.0,9.1
2000/03/01,9.17,9.17,10.09,152466.01,152653353.38,10.09
2000/03/02,10.22,10.27,11.08,206069.0,218791716.0,10.9
2000/03/03,10.48,10.98,11.4,121822.0,132268560.0,10.98
2000/03/06,9.86,11.0,11.0,85129.0,88019128.0,9.86
2000/03/07,9.37,9.55,9.75,58250.0,55401398.0,9.66
2000/03/08,9.36,9.71,10.1,40800.0,40107392.01,10.09
2000/03/09,9.7,10.2,10.2,29351.0,28971106.0,9.76
2000/03/10,9.6,9.77,10.14,31014.0,30570543.0,9.8
2000/03/13,9.68,9.81,10.23,23459.0,23425590.0,9.99
2000/03/14,9.01,9.01,9.8,56486.0,52791172.0,9.4
2000/03/15,9.2,9.3,9.6,29294.0,27446546.0,9.28
2000/03/16,8.4,9.33,9.33,44043.0,38805002.0,8.4
2000/03/17,8.35,8.35,9.25,35754.0,31801179.0,9.24
2000/03/20,8.94,9.21,9.84,40826.0,38825576.01,9.59
2000/03/21,9.6,9.6,10.08,35206.0,34630059.94,9.78
2000/03/22,9.52,9.8,9.95,22565.0,21886624.0,9.8
2000/03/23,9.8,9.84,10.47,60032.0,61129963.0,10.23
2000/03/24,10.0,10.3,10.42,44045.0,44940472.0,10.1
2000/03/27,10.3,11.0,11.0,40585.0,42640988.0,10.55
2000/03/28,10.25,10.56,10.88,37221.0,38806172.01,10.3
2000/03/29,9.86,10.3,10.4,35509.0,35533390.0,10.05
2000/03/30,10.0,10.06,10.74,34020.0,35428844.0,10.48
2000/03/31,10.0,10.57,10.65,38820.0,39604345.51,10.09
2000/04/03,9.9,10.12,10.2,23251.36,23238992.0,9.9
2000/04/04,9.4,9.75,9.9,27375.97,26100202.0,9.46
2000/04/05,9.5,9.5,9.93,23480.32,22722342.0,9.78
2000/04/06,9.7,9.79,10.3,30475.09,30680944.0,10.2
2000/04/07,10.1,10.3,10.4,23404.51,23966156.0,10.13
2000/04/10,10.15,10.15,11.17,69364.0,74193944.0,11.17
2000/04/11,10.6,11.17,11.48,112089.0,125070440.0,10.7
2000/04/12,10.75,10.8,11.77,128837.0,147830464.0,11.77
2000/04/13,11.6,11.78,12.69,148228.0,180800382.0,12.03
2000/04/14,11.61,12.01,12.47,77053.0,92209376.0,12.03
2000/04/17,11.11,12.0,12.0,72128.0,82115856.0,11.22
2000/04/18,11.18,11.78,12.1,67890.0,79535684.01,11.65
2000/04/19,11.39,11.6,11.86,39508.0,45573504.0,11.5
2000/04/20,11.38,11.5,11.98,46267.41,53668392.0,11.52
2000/04/21,11.41,11.52,11.8,33154.0,38340364.01,11.48
2000/04/24,11.18,11.62,11.62,30197.0,34121920.01,11.18
2000/04/25,10.81,11.12,11.34,27991.0,31037176.0,11.25
2000/04/26,11.15,11.3,11.5,22786.0,25784898.01,11.22
2000/04/27,10.7,11.2,11.26,29063.0,31676493.0,10.75
2000/04/28,10.58,10.7,11.13,22259.0,24118350.0,11.0
2000/05/09,10.8,11.04,11.35,18220.0,20270210.01,11.0
2000/05/10,10.26,11.06,11.18,20459.0,21703846.41,10.3
2000/05/11,9.56,10.18,10.4,26187.0,25788878.0,9.65
2000/05/12,9.0,9.75,9.92,23857.0,22707492.0,9.42
2000/05/15,9.15,9.5,9.63,10040.0,9324550.0,9.25
2000/05/16,9.25,9.26,9.65,12012.0,11262168.0,9.53
2000/05/17,9.47,9.54,9.78,8756.0,8394490.0,9.5
2000/05/18,9.24,9.55,9.74,12224.0,11673034.0,9.74
2000/05/19,9.5,9.73,9.94,15622.0,15239420.0,9.86
2000/05/22,9.81,9.85,10.3,25216.0,25477580.0,10.12
2000/05/23,9.85,10.11,10.2,13510.02,13494438.01,9.95
2000/05/24,9.75,9.91,10.1,23262.0,23120574.0,9.99
2000/05/25,9.99,9.99,10.41,22048.39,22650110.0,10.36
2000/05/26,10.18,10.38,10.4,19492.48,20080304.0,10.2
2000/05/29,10.0,10.18,10.29,21365.0,21500814.0,10.08
2000/05/30,10.01,10.03,11.0,45087.0,47924921.0,10.8
2000/05/31,10.49,10.85,10.95,28305.0,30330959.01,10.72
2000/06/01,10.61,10.61,11.2,28431.0,31106340.0,10.77
2000/06/02,10.48,10.78,10.98,20877.0,22131846.0,10.76
2000/06/05,10.15,10.7,10.78,21984.0,23129208.0,10.38
2000/06/06,10.05,10.4,10.54,18155.24,18604800.0,10.35
2000/06/07,10.31,10.31,10.68,15220.0,15951614.02,10.41
2000/06/08,10.42,10.42,10.88,27874.0,29921310.01,10.73
2000/06/09,10.5,10.7,10.89,17088.0,18212258.01,10.5
2000/06/12,10.16,10.5,10.5,15317.0,15753663.0,10.3
2000/06/13,10.32,10.32,10.98,21115.0,22612032.0,10.86
2000/06/14,10.72,10.95,11.45,60916.0,67970295.0,11.2
2000/06/15,11.1,11.22,11.48,34374.0,38692258.0,11.18
2000/06/16,10.7,11.26,11.39,29040.0,31951480.0,10.85
2000/06/19,10.73,10.78,11.4,32310.0,36175066.0,11.24
2000/06/20,10.88,11.2,11.38,21517.0,23827484.01,10.95
2000/06/21,10.75,10.9,11.1,15696.0,17153652.01,11.0
2000/06/22,10.94,11.08,11.58,47343.0,53815956.0,11.48
2000/06/23,11.36,11.45,11.75,40251.0,46496060.0,11.49
2000/06/26,11.49,11.49,12.02,52266.0,61959032.0,11.9
2000/06/27,11.55,11.9,11.95,26626.0,31210516.0,11.67
2000/06/28,11.35,11.6,11.8,28006.0,32212520.0,11.43
2000/06/29,11.2,11.45,11.8,27737.0,31806263.0,11.26
2000/06/30,10.82,11.27,11.38,41969.0,46179837.0,10.82
2000/07/03,10.18,10.87,10.87,34438.0,35954308.0,10.35
2000/07/04,10.28,10.28,10.67,14312.0,15016285.0,10.56
2000/07/05,10.38,10.58,10.67,13629.0,14221818.0,10.41
2000/07/06,10.17,10.45,10.46,18018.0,18440847.0,10.26
2000/07/07,10.18,10.25,10.56,16810.0,17374022.0,10.39
2000/07/10,10.0,10.39,10.39,35719.56,36155792.0,10.2
2000/07/11,9.99,10.18,10.43,24778.0,25231892.0,10.28
2000/07/12,10.28,10.28,10.78,21223.0,22479380.0,10.57
2000/07/13,10.35,10.5,10.66,16955.0,17722236.0,10.45
2000/07/14,10.19,10.43,10.43,17692.35,18137923.0,10.28
2000/07/17,9.6,10.27,10.27,34020.04,33868812.0,10.1
2000/07/18,9.82,10.12,10.2,15255.0,15276117.0,10.18
2000/07/19,10.1,10.15,10.58,14801.0,15322412.0,10.4
2000/07/20,10.23,10.4,10.59,11504.0,11985363.0,10.38
2000/07/21,10.4,10.4,10.65,13780.0,14545226.01,10.52
2000/07/24,10.31,10.51,10.64,11580.82,12111593.0,10.4
2000/07/25,10.41,10.41,10.85,18739.97,20039015.0,10.77
2000/07/26,10.6,10.7,10.85,11998.0,12854896.0,10.83
2000/07/27,10.58,10.88,10.89,18540.0,19831950.0,10.6
2000/07/28,10.53,10.62,10.75,10146.0,10791771.0,10.6
2000/07/31,10.35,10.61,10.8,20212.0,21244124.01,10.75
2000/08/01,10.67,10.74,11.15,32397.35,35461424.0,11.1
2000/08/02,10.9,11.1,11.15,15689.0,17309510.0,10.99
2000/08/03,10.97,11.06,11.22,20290.0,22497784.0,11.07
2000/08/04,10.6,11.06,11.25,20856.0,22806146.01,10.78
2000/08/07,10.79,10.79,10.79,0.0,0.0,10.79
2000/08/08,10.68,10.81,11.09,13772.73,15057693.0,10.99
2000/08/09,11.0,11.0,11.33,24054.0,27003156.04,11.1
2000/08/10,10.8,11.2,11.2,11482.0,12535192.0,10.89
2000/08/11,10.7,10.95,11.0,15126.0,16366837.0,10.8
2000/08/14,10.8,10.88,11.0,10345.0,11268952.0,10.84
2000/08/15,10.83,10.84,11.14,11997.0,13165299.0,10.91
2000/08/16,10.84,11.0,11.2,18748.0,20689616.01,11.13
2000/08/17,11.05,11.15,11.35,19457.0,21834366.0,11.13
2000/08/18,11.08,11.13,11.5,22819.0,25680184.01,11.16
2000/08/21,11.15,11.17,11.86,59505.0,69008416.0,11.78
2000/08/22,11.43,11.78,11.98,59768.0,70545760.0,11.48
2000/08/23,10.68,11.49,11.49,52377.0,58368012.0,11.2
2000/08/24,11.11,11.2,11.6,32709.0,37186860.01,11.5
2000/08/25,11.54,11.55,12.2,60734.0,72051913.0,12.1
2000/08/28,12.09,12.25,12.54,77518.0,95593470.0,12.2
2000/08/29,11.99,12.23,12.48,53729.0,65531946.0,12.36
2000/08/30,11.95,12.38,12.45,35072.0,42613802.0,11.95
2000/08/31,11.32,11.93,11.93,40350.0,46852044.0,11.33
2000/09/01,11.1,11.2,11.45,27557.0,31098195.94,11.12
2000/09/04,11.1,11.1,11.6,21491.0,24482325.63,11.6
2000/09/05,11.1,11.6,11.68,14539.21,16604441.0,11.2
2000/09/06,11.06,11.2,11.27,14357.82,15989608.0,11.09
2000/09/07,11.08,11.1,11.4,13454.32,15100573.01,11.26
2000/09/08,11.08,11.25,11.35,9057.0,10127756.0,11.23
2000/09/11,11.15,11.25,11.65,16817.0,19306153.0,11.63
2000/09/12,11.4,11.66,11.73,10666.0,12340867.0,11.62
2000/09/13,11.5,11.61,11.88,22269.0,26093944.01,11.8
2000/09/14,11.59,11.81,11.84,11210.55,13086083.01,11.64
2000/09/15,11.56,11.63,11.85,16080.84,18861878.0,11.8
2000/09/18,11.55,11.85,12.1,23126.84,27510978.01,11.58
2000/09/19,11.0,11.5,11.5,20747.0,23199396.0,11.0
2000/09/20,10.86,10.95,11.24,11885.0,13143545.01,11.16
2000/09/21,10.95,11.18,11.35,13583.0,15152968.0,11.21
2000/09/22,11.15,11.23,11.58,9445.9,10761916.0,11.15
2000/09/25,11.0,11.2,11.4,11317.0,12645154.0,11.05
2000/09/26,10.95,11.04,11.2,7375.0,8146090.01,11.0
2000/09/27,10.98,11.0,11.25,6845.0,7600382.01,11.25
2000/09/28,10.95,11.25,11.35,6818.0,7552466.0,10.95
2000/09/29,10.96,10.96,11.12,4975.0,5496628.5,11.08
2000/10/09,10.95,11.1,11.25,6605.0,7306357.51,11.18
2000/10/10,11.18,11.18,11.5,18909.0,21550984.0,11.4
2000/10/11,11.4,11.51,11.75,22972.89,26697529.0,11.6
2000/10/12,11.61,11.62,12.06,46051.0,54756212.01,11.84
2000/10/13,11.58,11.8,12.15,35721.0,42630468.0,11.67
2000/10/16,11.72,11.72,12.19,41117.0,49508700.0,12.15
2000/10/17,11.87,12.2,12.25,23464.0,28183400.0,11.95
2000/10/18,11.75,11.95,12.09,17912.0,21352600.0,11.92
2000/10/19,11.94,12.0,12.44,49160.0,60425900.0,12.17
2000/10/20,11.75,12.2,12.38,33549.0,40325300.0,11.9
2000/10/24,11.89,11.89,12.7,50521.0,62934300.0,12.53
2000/10/25,12.42,12.58,13.25,87314.0,112605104.0,12.97
2000/10/26,12.72,13.0,13.2,49283.0,63929800.0,12.89
2000/10/27,12.69,12.89,13.16,48468.0,62583600.0,13.1
2000/10/30,13.0,13.24,13.61,59133.0,78792304.0,13.0
2000/10/31,12.63,12.95,13.07,34540.0,44303771.0,12.68
2000/11/01,12.65,12.65,12.95,21837.0,27856600.0,12.74
2000/11/02,12.78,12.78,13.21,25107.0,32653600.0,12.92
2000/11/03,12.5,12.85,13.0,27263.0,34588000.0,12.57
2000/11/06,12.36,12.55,12.67,20257.0,25307800.0,12.4
2000/11/07,12.41,12.42,12.79,15517.0,19560700.0,12.66
2000/11/08,12.48,12.67,12.78,14166.0,17835100.0,12.65
2000/11/09,12.65,12.68,13.12,27677.0,35745600.0,12.89
2000/11/10,12.8,12.92,13.05,21214.0,27352300.0,12.93
2000/11/13,12.95,13.0,13.28,31064.0,40706400.0,13.0
2000/11/14,12.75,13.09,13.19,30282.0,39087600.0,12.82
2000/11/15,12.66,12.83,12.97,23926.0,30539200.0,12.97
2000/11/16,12.98,12.98,13.59,57254.0,76452304.0,13.48
2000/11/17,13.3,13.5,13.68,27410.0,36883440.0,13.33
2000/11/20,13.05,13.31,13.48,24755.0,32741886.0,13.46
2000/11/21,13.35,13.45,13.66,23792.0,32132294.0,13.35
2000/11/22,13.24,13.35,13.65,24674.0,33266328.0,13.58
2000/11/23,13.46,13.59,14.2,43244.0,59853020.0,13.9
2000/11/24,13.0,13.8,14.05,36756.0,49802148.0,13.12
2000/11/27,12.93,13.0,13.35,26345.0,34665748.0,13.18
2000/11/28,13.3,13.3,13.64,17763.0,23930197.97,13.44
2000/11/29,13.01,13.45,13.45,22468.0,29671613.0,13.1
2000/11/30,13.06,13.06,13.3,9542.0,12569095.01,13.14
2000/12/01,13.16,13.16,13.5,11008.0,14652211.73,13.26
2000/12/04,13.23,13.27,13.7,13596.0,18396771.0,13.54
2000/12/05,13.6,13.6,13.98,23220.0,32049288.01,13.7
2000/12/06,13.35,13.78,13.88,14666.0,19843818.0,13.37
2000/12/07,13.1,13.3,13.45,14771.0,19540918.0,13.21
2000/12/08,13.0,13.22,13.32,13146.0,17278062.0,13.15
2000/12/11,12.59,13.15,13.23,20514.0,26335487.0,12.6
2000/12/12,12.58,12.63,12.9,13874.0,17686859.0,12.78
2000/12/13,12.7,12.79,12.91,7622.0,9781664.0,12.75
2000/12/14,12.58,12.76,12.9,8163.0,10400203.01,12.63
2000/12/15,12.19,12.65,12.7,18273.0,22614464.0,12.26
2000/12/18,12.11,12.26,12.44,9327.0,11460327.0,12.3
2000/12/19,12.32,12.32,12.55,6898.0,8579016.0,12.38
2000/12/20,12.35,12.37,12.63,8464.0,10596745.0,12.56
2000/12/21,12.55,12.56,12.86,8542.0,10863699.0,12.62
2000/12/22,12.45,12.68,12.75,7660.0,9614040.0,12.46
2000/12/25,12.18,12.49,12.52,13064.0,16090928.02,12.3
2000/12/26,12.29,12.29,12.63,6219.0,7769285.01,12.5
2000/12/27,12.33,12.52,12.79,8294.0,10403424.01,12.34
2000/12/28,12.28,12.3,12.69,7445.0,9311599.0,12.47
2000/12/29,12.48,12.48,12.95,9891.54,12652417.01,12.72
2001/01/02,12.72,12.82,13.0,8719.0,11238767.01,13.0
2001/01/03,12.9,13.0,13.08,13034.0,16924510.01,12.93
2001/01/04,12.7,12.99,12.99,11217.0,14380985.0,12.72
2001/01/05,12.6,12.73,12.98,13391.0,17022978.0,12.95
2001/01/08,12.6,12.9,12.96,10275.0,13065693.0,12.66
2001/01/09,12.4,12.62,12.88,10163.0,12747019.0,12.54
2001/01/10,12.45,12.55,13.18,16649.0,21303158.0,13.04
2001/01/11,12.9,13.04,13.18,14159.39,18452376.0,12.96
2001/01/12,12.6,12.9,12.9,7945.0,10079059.0,12.67
2001/01/15,12.2,12.67,12.67,10466.0,12974781.01,12.25
2001/01/16,12.13,12.19,12.48,8705.0,10675014.0,12.31
2001/01/17,12.2,12.31,12.48,5376.0,6614006.0,12.24
2001/01/18,12.2,12.25,12.4,6316.0,7759348.01,12.2
2001/01/19,12.2,12.2,12.72,6684.0,8359100.51,12.49
2001/02/05,11.8,12.47,12.6,8714.0,10602364.0,11.96
2001/02/06,11.4,11.9,11.9,9385.0,10870325.0,11.59
2001/02/07,11.36,11.6,11.61,5402.0,6203750.0,11.36
2001/02/08,10.8,11.35,11.35,8341.0,9210883.0,10.88
2001/02/12,10.87,10.87,11.32,7084.0,7904530.5,11.31
2001/02/13,11.15,11.28,11.48,4615.0,5220817.01,11.21
2001/02/14,11.17,11.19,11.35,2504.0,2817489.01,11.23
2001/02/15,10.94,11.23,11.37,4174.0,4627419.01,10.94
2001/02/16,10.7,10.94,11.1,5031.0,5454132.5,11.06
2001/02/19,11.0,11.0,11.28,3894.0,4328772.51,11.2
2001/02/20,10.9,11.0,11.33,5090.0,5649073.01,11.0
2001/02/21,9.9,10.99,10.99,29584.0,29756773.01,9.9
2001/02/22,9.13,9.4,9.68,29361.0,27469832.0,9.36
2001/02/23,9.4,9.42,9.66,9680.0,9199844.0,9.66
2001/02/26,9.52,9.66,9.77,9409.0,9063111.0,9.67
2001/02/27,9.68,9.69,10.17,9729.0,9605468.01,10.09
2001/02/28,9.8,10.1,10.25,6246.0,6229644.02,9.9
2001/03/01,9.8,9.91,10.07,5015.0,4952039.03,9.82
2001/03/02,9.85,9.85,10.08,7640.0,7604274.51,9.98
2001/03/05,9.7,9.98,10.03,5900.0,5809550.0,9.9
2001/03/06,9.7,9.9,9.9,5662.0,5537376.0,9.75
2001/03/07,9.75,9.9,10.03,7751.0,7716509.0,9.94
2001/03/08,10.0,10.0,10.33,13054.67,13353975.51,10.28
2001/03/09,10.08,10.29,10.3,8604.53,8767522.0,10.2
2001/03/12,10.11,10.15,10.41,7368.0,7545488.0,10.36
2001/03/13,10.17,10.36,10.45,6446.91,6651600.0,10.25
2001/03/14,10.18,10.25,10.45,7262.0,7519186.0,10.4
2001/03/15,10.47,10.48,10.71,17095.0,18092558.0,10.55
2001/03/16,10.52,10.55,10.7,11236.0,11929763.04,10.63
2001/03/19,10.63,10.65,11.12,15903.0,17306013.01,11.0
2001/03/20,10.9,11.06,11.07,9642.0,10570286.0,10.96
2001/03/21,10.95,10.97,11.22,12117.0,13466853.0,11.11
2001/03/22,11.13,11.13,11.33,7741.0,8677978.0,11.16
2001/03/23,10.71,11.16,11.17,17721.0,19335474.0,10.71
2001/03/26,10.62,10.68,10.95,8813.68,9541800.0,10.88
2001/03/27,10.85,10.89,11.09,11849.0,12991198.0,11.0
2001/03/28,10.89,11.0,11.1,9517.0,10493022.0,11.04
2001/03/29,11.0,11.05,11.25,8513.0,9496284.0,11.15
2001/03/30,11.15,11.15,11.47,11084.0,12609545.0,11.4
2001/04/02,11.45,11.5,11.69,13539.0,15661099.0,11.52
2001/04/03,11.2,11.51,11.55,9639.0,10938141.0,11.3
2001/04/04,11.0,11.3,11.36,9618.0,10776023.0,11.05
2001/04/05,11.04,11.14,11.35,7602.0,8473734.02,11.35
2001/04/06,11.18,11.34,11.38,5614.0,6303202.51,11.18
2001/04/09,11.0,11.18,11.29,5645.61,6299678.52,11.29
2001/04/10,11.3,11.3,11.4,6348.0,7218024.0,11.38
2001/04/11,11.28,11.4,11.48,5755.0,6532299.0,11.29
2001/04/12,11.05,11.28,11.38,11315.0,12654795.0,11.12
2001/04/13,11.14,11.14,11.14,0.0,0.0,11.14
2001/04/16,11.08,11.12,11.35,9527.0,10670341.01,11.25
2001/04/17,11.2,11.2,11.63,19619.0,22523402.0,11.54
2001/04/18,11.3,11.58,11.63,7309.0,8373129.0,11.38
2001/04/19,11.18,11.37,11.37,10385.0,11664328.01,11.2
2001/04/20,11.15,11.2,11.57,11317.0,12785714.01,11.3
2001/04/23,11.21,11.3,11.82,30352.0,35233116.0,11.79
2001/04/24,11.6,11.85,11.9,15555.0,18253902.0,11.72
2001/04/25,11.6,11.76,12.15,24258.0,28783970.0,11.68
2001/04/26,11.46,11.7,11.78,10087.0,11662960.01,11.47
2001/04/27,11.28,11.47,11.62,9439.0,10755874.01,11.32
2001/04/30,11.34,11.34,11.6,5720.0,6581005.5,11.46
2001/05/08,11.45,11.45,11.59,3897.0,4489750.5,11.58
2001/05/09,11.55,11.6,11.87,10850.0,12746676.0,11.83
2001/05/10,11.8,11.85,12.0,15897.0,18947860.0,11.99
2001/05/14,12.0,12.19,12.19,21196.0,25601584.0,12.02
2001/05/15,11.81,12.09,12.11,13204.0,15749338.0,11.89
2001/05/16,11.9,11.95,12.22,14379.0,17368384.0,12.15
2001/05/17,11.9,12.24,12.24,18092.0,21804350.01,11.96
2001/05/18,11.94,11.95,12.08,9619.0,11538963.01,12.01
2001/05/21,12.04,12.05,12.37,16582.0,20317752.02,12.33
2001/05/22,12.16,12.4,12.4,7639.0,9371991.01,12.25
2001/05/23,11.85,12.22,12.28,10874.0,13066221.0,11.95
2001/05/24,11.86,11.95,12.02,7742.0,9257637.0,11.95
2001/05/25,11.85,11.91,12.05,7241.0,8633659.01,11.88
2001/05/28,11.6,11.88,11.93,7908.8,9330169.0,11.69
2001/05/29,11.5,11.7,11.75,10307.69,11957390.0,11.51
2001/05/30,11.5,11.5,11.82,6076.92,7098266.0,11.66
2001/05/31,11.7,11.7,12.09,10049.81,12042229.0,11.97
2001/06/01,11.9,12.0,12.09,6733.16,8064283.0,11.93
2001/06/04,11.92,11.92,12.28,14003.46,16988576.0,12.28
2001/06/05,12.1,12.28,12.34,8160.63,9946686.0,12.24
2001/06/06,12.0,12.3,12.32,8240.98,9990649.0,12.11
2001/06/07,12.01,12.1,12.25,7998.32,9691927.0,12.06
2001/06/08,11.83,12.06,12.09,6366.27,7583569.0,11.87
2001/06/11,11.75,11.81,12.17,8710.31,10365424.0,12.17
2001/06/12,12.2,12.24,12.45,32426.7,39975120.0,12.31
2001/06/13,12.13,12.32,12.56,26703.51,33169740.0,12.49
2001/06/14,12.31,12.58,12.62,22291.38,27871830.0,12.32
2001/06/15,12.16,12.3,12.5,11326.84,13984553.0,12.43
2001/06/18,11.92,12.5,12.5,11856.19,14432367.0,12.05
2001/06/19,11.91,12.0,12.3,8316.15,10081300.0,12.09
2001/06/20,11.9,12.1,12.19,6167.6,7409129.0,11.92
2001/06/21,11.7,11.93,11.99,6705.25,7963718.0,11.96
2001/06/22,11.96,11.96,12.15,4744.35,5736296.0,12.08
2001/06/25,12.06,12.18,12.25,8309.55,10105891.0,12.25
2001/06/26,12.24,12.25,12.45,7612.29,9410371.0,12.28
2001/06/27,12.2,12.31,12.64,20176.94,25184674.0,12.64
2001/06/28,12.41,12.7,12.79,18886.8,23812368.0,12.43
2001/06/29,12.33,12.55,12.55,7442.07,9262287.0,12.35
2001/07/02,12.36,12.4,12.6,8507.61,10620485.0,12.5
2001/07/03,12.38,12.54,12.64,5109.15,6361445.0,12.4
2001/07/04,12.23,12.4,12.5,4080.15,5040047.0,12.25
2001/07/05,11.87,12.24,12.3,16982.8,20367718.0,11.89
2001/07/06,11.78,11.85,11.99,10587.9,12575346.0,11.79
2001/07/09,11.81,11.81,12.0,3679.67,4379175.0,11.94
2001/07/10,11.94,11.94,12.14,4448.2,5345139.0,12.13
2001/07/11,11.86,12.18,12.18,3635.06,4336946.0,11.9
2001/07/12,11.79,11.88,11.95,4982.69,5895776.0,11.86
2001/07/13,11.7,11.9,12.0,5410.2,6396261.0,11.73
2001/07/16,11.95,12.0,12.25,13686.46,16603888.0,12.13
2001/07/17,11.82,12.15,12.2,3317.41,3973981.0,12.13
2001/07/18,11.98,12.13,12.18,3553.85,4301755.0,12.06
2001/07/19,11.85,12.05,12.06,3542.22,4217859.0,11.9
2001/07/20,11.85,11.85,12.95,41118.77,51853775.0,12.56
2001/07/23,12.38,12.65,12.91,46004.46,58875865.0,12.81
2001/07/24,12.49,12.8,12.8,20421.42,25796792.0,12.61
2001/07/25,12.5,12.5,12.79,14629.06,18503410.0,12.63
2001/07/26,12.32,12.6,12.72,13034.0,16266807.0,12.4
2001/07/27,12.25,12.42,12.59,11225.39,13963015.0,12.33
2001/07/30,11.31,12.24,12.24,19384.78,22796462.0,11.35
2001/07/31,11.15,11.3,11.76,12373.86,14135587.0,11.3
2001/08/01,11.3,11.3,11.75,9285.96,10783501.0,11.7
2001/08/02,11.25,11.76,11.78,10325.45,11808269.0,11.56
2001/08/03,11.5,11.53,11.75,4847.06,5632171.0,11.63
2001/08/06,11.18,11.62,11.69,8097.02,9163575.0,11.27
2001/08/07,10.7,11.3,11.45,13123.69,14518326.0,11.01
2001/08/08,10.8,11.1,11.18,5261.78,5813703.0,11.12
2001/08/09,11.3,11.3,11.68,12957.35,14933627.0,11.61
2001/08/10,11.61,11.61,11.79,8487.6,9935683.0,11.69
2001/08/13,11.57,11.6,11.75,4265.13,4960439.0,11.68
2001/08/14,11.4,11.64,11.75,4545.03,5260461.0,11.6
2001/08/15,11.42,11.6,11.7,3050.3,3519498.0,11.6
2001/08/16,11.4,11.6,11.74,4224.0,4846572.0,11.4
2001/08/17,11.21,11.35,11.4,2925.55,3305437.0,11.39
2001/08/20,11.25,11.4,11.48,3827.4,4344095.0,11.4
2001/08/21,11.28,11.4,11.48,4036.4,4581248.0,11.3
2001/08/22,11.0,11.32,11.32,7417.2,8264113.0,11.02
2001/08/23,10.8,10.95,11.29,7174.33,7984184.0,11.26
2001/08/24,11.02,11.18,11.42,3641.72,4080794.0,11.1
2001/08/27,10.7,11.0,11.1,7137.7,7730018.0,10.71
2001/08/28,10.4,10.71,10.85,5480.9,5821939.0,10.85
2001/08/29,10.7,10.85,10.98,3513.51,3789274.0,10.75
2001/08/30,10.5,10.75,10.75,2142.39,2267367.0,10.54
2001/08/31,10.48,10.48,10.84,1811.44,1916308.0,10.56
2001/09/03,10.08,10.5,10.51,5281.0,5396753.0,10.1
2001/09/04,10.05,10.05,10.44,3453.0,3543068.0,10.42
2001/09/05,10.36,10.5,10.6,3175.7,3329481.0,10.44
2001/09/06,10.38,10.56,10.64,1922.41,2014300.0,10.44
2001/09/07,10.0,10.43,10.51,4476.0,4543769.0,10.0
2001/09/10,9.8,9.93,10.35,3848.33,3917980.0,10.32
2001/09/11,10.21,10.4,10.5,3413.0,3527829.0,10.29
2001/09/12,9.8,9.97,10.25,7895.8,7915108.0,10.05
2001/09/13,10.01,10.04,10.24,2516.06,2541636.0,10.04
2001/09/14,9.81,10.04,10.23,4792.0,4763057.0,9.87
2001/09/17,9.51,9.88,9.9,4599.0,4441289.0,9.51
2001/09/18,9.2,9.5,9.78,4934.75,4663324.0,9.48
2001/09/19,9.41,9.6,9.75,2938.52,2810613.0,9.73
2001/09/20,9.56,9.78,9.8,3984.0,3853964.0,9.57
2001/09/21,9.41,9.5,9.69,2081.0,1976577.0,9.43
2001/09/24,9.43,9.43,9.66,2023.9,1933821.0,9.45
2001/09/25,9.41,9.6,9.66,1084.0,1030716.0,9.47
2001/09/26,9.4,9.46,9.58,2084.57,1969200.0,9.51
2001/09/27,9.56,9.56,9.85,8513.5,8280323.0,9.78
2001/09/28,9.61,9.85,9.85,2612.3,2539552.0,9.78
2001/10/08,9.3,9.79,9.79,2754.0,2602379.0,9.35
2001/10/09,9.32,9.32,9.58,1768.7,1675964.0,9.58
2001/10/10,9.2,9.5,9.65,2994.25,2793687.0,9.22
2001/10/11,8.61,9.24,9.5,3882.67,3435155.0,8.69
2001/10/12,8.12,8.65,9.0,5434.1,4691009.0,8.92
2001/10/15,8.66,8.89,9.0,2237.0,1983557.01,8.91
2001/10/16,8.5,8.81,8.98,1172.0,1025500.0,8.63
2001/10/17,8.3,8.65,8.7,828.0,707000.0,8.48
2001/10/18,8.3,8.41,8.78,1534.5,1292433.0,8.36
2001/10/19,7.8,8.31,8.49,6678.0,5344900.0,7.9
2001/10/22,7.43,7.68,8.0,3354.0,2567200.0,7.43
2001/10/23,7.93,8.17,8.17,8838.0,7206200.0,8.17
2001/10/24,8.5,8.68,8.9,16566.43,14436419.0,8.8
2001/10/25,8.49,8.65,8.85,6085.2,5246108.0,8.5
2001/10/26,8.41,8.51,8.65,9686.0,8317283.76,8.58
2001/10/29,8.53,8.65,8.77,2363.91,2047287.0,8.77
2001/10/30,8.5,8.75,8.75,2089.53,1788404.5,8.52
2001/10/31,8.21,8.55,8.55,3736.81,3105538.0,8.46
2001/11/01,8.45,8.5,8.73,5104.45,4406383.0,8.66
2001/11/02,8.51,8.65,8.66,3396.84,2922114.0,8.65
2001/11/05,8.52,8.52,8.72,1920.4,1649681.89,8.7
2001/11/06,8.65,8.71,8.84,5496.41,4824340.0,8.7
2001/11/07,8.01,8.65,8.68,5222.01,4336076.01,8.07
2001/11/08,7.5,7.9,8.2,3118.65,2478733.27,8.15
2001/11/09,7.99,8.0,8.3,1735.0,1410000.0,8.23
2001/11/12,8.1,8.25,8.28,1020.0,836360.0,8.13
2001/11/13,8.01,8.01,8.14,1136.0,917200.0,8.07
2001/11/14,8.08,8.1,8.16,611.5,496309.44,8.1
2001/11/15,8.05,8.09,8.15,783.0,633100.0,8.06
2001/11/16,8.2,8.8,8.8,5417.0,4579000.0,8.22
2001/11/19,8.18,8.24,8.38,1966.5,1628542.5,8.35
2001/11/20,8.38,8.39,8.65,3831.61,3267645.02,8.56
2001/11/21,8.47,8.6,8.61,2927.86,2499589.02,8.57
2001/11/22,8.5,8.5,8.78,4270.98,3711121.51,8.74
2001/11/23,8.59,8.6,8.74,3794.66,3282977.02,8.64
2001/11/26,8.52,8.63,8.63,1954.61,1676261.27,8.61
2001/11/27,8.55,8.55,8.69,2297.01,1980354.13,8.68
2001/11/28,8.65,8.7,8.83,4428.51,3883245.01,8.77
2001/11/29,8.75,8.79,8.92,5514.0,4873200.0,8.82
2001/11/30,8.81,8.81,8.99,4995.96,4459596.03,8.97
2001/12/03,9.0,9.02,9.13,6415.65,5808930.51,9.03
2001/12/04,8.9,9.02,9.04,4569.0,4104700.0,9.0
2001/12/05,8.7,8.94,9.05,5924.95,5250650.51,8.71
2001/12/06,8.64,8.7,8.78,4841.79,4212047.01,8.78
2001/12/07,8.7,8.7,8.9,3092.0,2715098.25,8.78
2001/12/10,8.6,8.75,8.76,4364.76,3783435.51,8.7
2001/12/11,8.75,8.8,8.95,8679.84,7712329.01,8.77
2001/12/12,8.66,8.77,8.83,3872.5,3383636.0,8.68
2001/12/13,8.47,8.67,8.75,2797.0,2400900.0,8.48
2001/12/14,8.29,8.4,8.46,2795.36,2333381.52,8.31
2001/12/17,8.12,8.15,8.37,1875.0,1537400.0,8.2
2001/12/18,8.17,8.17,8.36,2293.18,1891501.88,8.36
2001/12/19,8.08,8.38,8.4,3207.95,2637350.81,8.08
2001/12/20,7.75,8.09,8.1,5675.62,4486287.51,7.86
2001/12/21,7.75,7.81,7.93,2324.0,1830000.0,7.9
2001/12/24,7.56,7.9,7.92,2978.0,2296700.0,7.63
2001/12/25,7.5,7.64,7.64,3560.0,2688200.0,7.58
2001/12/26,7.54,7.59,7.78,1969.5,1502631.0,7.78
2001/12/27,7.75,7.76,7.9,2031.1,1585051.76,7.76
2001/12/28,7.62,7.63,7.82,1971.1,1515874.75,7.76
2001/12/31,7.75,7.78,7.98,1669.0,1308900.0,7.78
2002/01/04,7.7,7.8,7.8,1216.0,944388.14,7.74
2002/01/07,7.5,7.68,7.7,965.15,737298.13,7.68
2002/01/08,7.58,7.84,7.84,970.95,743127.87,7.58
2002/01/09,6.83,7.55,7.55,7685.0,5362474.5,6.83
2002/01/10,6.15,6.5,6.72,17421.43,10922837.0,6.52
2002/01/11,5.91,6.48,6.48,12116.0,7398058.0,6.0
2002/01/14,5.52,5.52,5.87,9171.18,5241170.0,5.69
2002/01/15,5.59,5.6,5.9,6299.0,3649821.0,5.76
2002/01/16,5.7,5.88,5.92,3729.0,2167350.0,5.87
2002/01/17,5.27,5.8,5.84,4324.3,2383461.0,5.27
2002/01/18,4.81,5.05,5.31,7950.22,4083417.0,5.13
2002/01/21,4.62,5.04,5.04,6768.37,3248794.52,4.62
2002/01/22,4.16,4.45,4.5,13202.28,5692112.19,4.16
2002/01/23,3.85,4.01,4.58,19421.34,8168749.01,4.58
2002/01/24,4.58,4.58,5.04,29524.63,14699969.0,4.97
2002/01/25,4.8,4.87,5.04,23645.33,11696273.0,5.03
2002/01/28,4.54,5.04,5.08,19160.52,9161645.01,4.54
2002/01/29,4.32,4.4,4.9,14012.39,6653826.51,4.86
2002/01/30,4.78,4.87,5.15,19380.84,9792083.98,5.08
2002/01/31,5.12,5.12,5.55,32746.13,17551226.0,5.51
2002/02/01,5.45,5.45,5.85,35883.27,20398764.0,5.74
2002/02/04,5.65,5.75,6.31,43659.44,26555948.01,6.28
2002/02/05,5.93,6.29,6.33,28973.44,17808798.0,6.21
2002/02/06,5.8,6.11,6.16,28993.29,17204848.01,5.82
2002/02/07,5.75,5.79,6.1,17183.38,10272542.0,5.96
2002/02/08,5.9,5.94,6.05,12779.0,7616806.51,5.91
2002/02/25,6.11,6.22,6.41,28141.0,17778700.0,6.33
2002/02/26,6.16,6.33,6.45,18400.33,11631117.0,6.42
2002/02/27,6.31,6.43,6.5,15254.0,9781700.0,6.37
2002/02/28,6.2,6.31,6.4,11831.29,7434943.0,6.25
2002/03/01,6.01,6.2,6.3,11896.87,7304679.0,6.08
2002/03/04,6.02,6.04,6.35,10153.93,6328449.52,6.33
2002/03/05,6.36,6.39,6.96,43487.75,29154214.0,6.79
2002/03/06,6.8,6.8,7.47,61586.93,44260146.25,7.15
2002/03/07,7.09,7.14,7.48,42482.35,30962541.0,7.4
2002/03/08,7.19,7.45,7.52,41703.41,30502806.0,7.36
2002/03/11,7.29,7.43,7.79,33077.2,25016890.0,7.68
2002/03/12,7.5,7.78,7.99,40657.3,31672140.0,7.56
2002/03/13,7.2,7.47,7.68,23522.89,17359926.0,7.22
2002/03/14,7.22,7.22,7.6,21281.29,15765783.0,7.6
2002/03/15,7.2,7.68,7.7,21297.99,15732249.01,7.2
2002/03/18,7.03,7.45,7.45,15927.69,11451127.0,7.18
2002/03/19,7.12,7.15,7.29,11133.74,8053109.0,7.28
2002/03/20,7.18,7.3,7.33,17650.46,12791307.0,7.31
2002/03/21,7.26,7.32,7.5,17754.95,13159859.0,7.46
2002/03/22,7.2,7.44,7.45,9779.38,7129704.01,7.3
2002/03/25,7.12,7.29,7.29,10115.15,7264928.5,7.25
2002/03/26,7.0,7.28,7.29,8629.5,6145040.0,7.05
2002/03/27,7.01,7.05,7.25,8697.64,6183808.0,7.22
2002/03/28,7.23,7.23,7.41,11690.8,8583313.0,7.25
2002/03/29,6.9,7.18,7.25,13653.27,9639820.0,7.0
2002/04/01,6.7,6.89,7.12,11855.77,8200406.0,7.04
2002/04/02,6.82,6.98,7.1,6967.12,4825573.0,6.83
2002/04/03,6.72,6.76,6.95,7008.0,4800185.32,6.78
2002/04/04,6.7,6.8,7.08,8396.75,5810248.51,7.06
2002/04/05,7.06,7.13,7.65,43242.23,32031778.01,7.51
2002/04/08,7.33,7.5,7.52,14001.35,10390740.0,7.4
2002/04/09,7.4,7.4,7.7,24658.35,18688797.01,7.6
2002/04/10,7.55,7.65,7.73,20252.75,15484510.0,7.58
2002/04/11,7.32,7.59,7.64,11798.41,8813699.01,7.34
2002/04/12,7.32,7.33,7.5,6421.08,4764612.0,7.43
2002/04/15,7.29,7.4,7.5,7404.22,5449565.0,7.38
2002/04/16,7.24,7.36,7.45,5391.87,3947760.0,7.3
2002/04/17,7.12,7.3,7.34,6730.59,4850051.5,7.24
2002/04/18,7.02,7.2,7.2,11984.3,8494258.0,7.03
2002/04/19,6.6,6.92,7.19,11009.29,7571172.51,7.14
2002/04/22,6.9,7.11,7.13,4453.31,3142897.0,7.01
2002/04/23,6.95,7.01,7.11,2932.9,2069454.15,7.06
2002/04/24,6.91,7.05,7.13,3017.08,2111859.01,6.97
2002/04/25,6.85,6.95,7.03,3136.15,2178121.5,7.03
2002/04/26,7.0,7.12,7.23,6191.29,4437297.5,7.22
2002/04/29,7.12,7.2,7.35,8554.37,6234223.01,7.34
2002/04/30,7.26,7.35,7.38,6339.71,4635545.01,7.3
2002/05/08,7.15,7.31,7.31,3883.0,2772718.0,7.2
2002/05/09,7.18,7.21,7.55,16366.0,12141000.0,7.53
2002/05/10,7.32,7.53,7.55,6900.9,5103767.0,7.33
2002/05/13,7.25,7.43,7.44,8373.41,6139909.5,7.44
2002/05/14,7.38,7.4,7.68,33370.0,25276000.0,7.57
2002/05/15,7.6,7.6,7.99,80097.5,62452136.0,7.68
2002/05/16,7.01,7.5,7.65,32577.29,23722168.0,7.08
2002/05/17,6.91,7.08,7.25,20486.61,14442115.0,7.2
2002/05/20,6.87,7.14,7.14,11873.71,8265575.0,7.05
2002/05/21,7.2,7.22,7.64,32169.94,23981996.01,7.49
2002/05/22,7.5,7.5,7.91,55512.37,43017683.88,7.63
2002/05/23,7.58,7.65,7.88,28553.66,22200112.01,7.76
2002/05/24,7.53,7.7,7.8,16390.23,12464889.02,7.6
2002/05/27,7.55,7.77,7.9,30002.94,23457522.0,7.89
2002/05/29,7.5,7.87,7.87,22048.81,16758256.01,7.58
2002/05/30,7.28,7.51,7.64,15360.1,11469452.0,7.59
2002/05/31,7.59,7.59,7.86,36674.04,28512104.0,7.77
2002/06/03,7.56,7.75,8.08,77360.0,61272196.01,7.89
2002/06/04,7.82,7.88,8.27,83833.74,67847896.0,8.23
2002/06/05,7.61,8.19,8.23,61184.38,48501656.01,7.69
2002/06/06,7.2,7.5,8.46,110256.5,88188608.0,8.46
2002/06/07,8.12,8.37,8.87,154007.03,132382232.0,8.38
2002/06/10,8.21,8.25,8.58,46648.83,39096432.01,8.4
2002/06/11,8.31,8.4,8.58,31508.16,26561220.01,8.4
2002/06/12,8.15,8.4,8.4,29201.2,23978748.0,8.22
2002/06/13,8.16,8.2,8.45,22088.84,18352918.0,8.2
2002/06/14,7.86,8.12,8.15,25972.06,20752946.01,7.88
2002/06/17,7.7,7.8,7.94,17373.44,13541515.01,7.9
2002/06/18,7.9,7.9,8.48,37974.86,31350316.01,8.33
2002/06/19,8.12,8.32,8.35,14350.19,11770130.01,8.15
2002/06/20,8.12,8.12,8.45,21033.88,17509632.0,8.24
2002/06/21,8.2,8.2,8.94,76095.85,65919028.0,8.74
2002/06/24,9.25,9.61,9.61,108354.97,103472632.0,9.61
2002/06/25,9.18,9.62,10.4,140642.69,138076384.0,9.55
2002/06/26,9.16,9.4,9.66,59306.47,55706928.13,9.49
2002/06/27,9.21,9.49,9.52,32873.87,30656900.0,9.29
2002/06/28,8.95,9.3,9.37,33904.45,30739124.0,9.16
2002/07/01,8.86,9.1,9.15,21319.0,19190000.0,9.05
2002/07/02,9.05,9.1,9.72,43258.0,40766000.0,9.71
2002/07/03,9.5,9.79,9.79,26665.0,25633000.0,9.64
2002/07/04,9.36,9.6,9.64,23198.0,21921000.0,9.39
2002/07/05,9.18,9.39,9.52,11352.0,10589000.0,9.52
2002/07/08,9.33,9.52,9.6,11336.0,10710000.0,9.46
2002/07/09,9.23,9.48,9.5,15281.96,14257819.06,9.28
2002/07/10,9.22,9.3,9.39,12829.0,11923962.0,9.23
2002/07/11,9.2,9.24,9.45,9819.0,9121000.0,9.28
2002/07/12,9.14,9.3,9.33,11456.0,10503000.0,9.16
2002/07/15,8.91,9.11,9.13,9941.0,8914000.0,8.93
2002/07/16,8.91,8.91,9.1,8102.0,7289000.0,9.02
2002/07/17,8.9,9.02,9.15,5732.0,5138000.0,9.15
2002/07/18,9.08,9.09,9.22,6746.0,6152000.0,9.11
2002/07/19,8.98,9.1,9.13,5863.0,5281000.0,9.05
2002/07/22,8.8,9.1,9.1,9330.0,8301000.0,8.83
2002/07/23,8.49,8.72,8.85,12077.0,10455000.0,8.52
2002/07/24,8.5,8.5,8.7,8003.0,6870000.0,8.58
2002/07/25,8.35,8.6,8.7,9171.0,7764000.0,8.45
2002/07/26,8.36,8.43,8.5,4255.0,3562000.0,8.38
2002/07/29,8.09,8.37,8.45,10539.0,8657000.0,8.44
2002/07/30,8.3,8.38,8.6,5514.0,4651000.0,8.52
2002/07/31,8.1,8.52,8.52,15165.54,12495072.0,8.19
2002/08/01,8.05,8.2,8.25,9800.27,7957224.0,8.16
2002/08/02,8.12,8.18,8.28,6898.21,5647637.5,8.19
2002/08/05,8.1,8.17,8.18,3173.26,2578822.25,8.12
2002/08/06,8.11,8.12,8.46,9852.64,8214243.5,8.32
2002/08/07,8.22,8.32,8.35,3078.71,2551046.27,8.29
2002/08/08,8.21,8.28,8.37,2985.0,2468647.01,8.21
2002/08/09,8.07,8.19,8.22,5537.1,4490814.0,8.11
2002/08/12,8.01,8.05,8.1,5687.4,4570932.01,8.02
2002/08/13,7.95,7.98,8.08,3285.0,2631707.01,7.99
2002/08/14,7.83,7.98,8.12,6642.69,5298952.5,8.12
2002/08/15,7.96,8.08,8.08,2861.6,2290912.76,7.99
2002/08/16,7.85,7.98,8.16,6353.43,5087983.0,8.06
2002/08/19,8.01,8.05,8.1,2012.0,1609904.62,8.06
2002/08/20,8.03,8.1,8.36,15706.0,12968000.0,8.34
2002/08/21,8.26,8.37,8.37,5780.0,4779000.0,8.3
2002/08/22,8.21,8.3,8.38,6684.0,5533000.0,8.31
2002/08/23,8.2,8.31,8.31,4225.0,3461522.0,8.23
2002/08/26,8.06,8.24,8.24,5738.0,4637000.0,8.08
2002/08/27,8.06,8.08,8.19,5198.0,4196000.0,8.14
2002/08/28,8.1,8.1,8.16,2563.0,2062000.0,8.12
2002/08/29,8.08,8.13,8.2,2648.6,2134294.38,8.1
2002/08/30,8.0,8.12,8.16,2540.0,2035197.0,8.05
2002/09/02,8.03,8.1,8.12,2591.64,2081028.09,8.11
2002/09/03,8.08,8.08,8.26,5368.63,4400063.18,8.23
2002/09/04,8.16,8.27,8.32,2481.13,2031940.04,8.19
2002/09/05,8.2,8.26,8.5,43080.52,36228892.01,8.46
2002/09/06,8.26,8.44,8.44,13958.6,11634895.0,8.28
2002/09/09,8.21,8.23,8.39,8305.0,6909737.01,8.26
2002/09/10,8.05,8.25,8.3,8090.55,6566719.76,8.1
2002/09/11,7.85,8.11,8.15,10675.44,8473976.22,7.95
2002/09/12,7.9,7.99,8.0,3224.2,2556681.52,8.0
2002/09/13,7.69,8.0,8.02,10631.49,8295100.69,7.7
2002/09/16,7.36,7.64,7.64,12301.01,9170077.01,7.39
2002/09/17,7.36,7.36,7.52,5575.4,4134529.0,7.42
2002/09/18,7.2,7.42,7.45,5299.87,3860942.52,7.24
2002/09/19,7.17,7.2,7.8,16271.43,12288872.53,7.67
2002/09/20,7.45,7.6,7.69,7715.56,5838533.01,7.47
2002/09/23,7.41,7.45,7.57,2686.09,2006767.38,7.52
2002/09/24,7.46,7.53,7.6,2525.61,1901181.63,7.55
2002/09/25,7.48,7.55,7.65,3736.32,2817579.76,7.48
2002/09/26,7.31,7.4,7.45,5736.9,4227863.02,7.36
2002/09/27,7.31,7.4,7.45,5732.0,4205000.0,7.36
2002/10/08,7.3,7.43,7.56,8211.34,6133052.0,7.54
2002/10/09,7.08,7.54,7.54,3810.65,2781643.64,7.25
2002/10/10,7.18,7.21,7.35,1996.0,1437477.5,7.21
2002/10/11,7.18,7.22,7.33,1829.0,1313787.56,7.22
2002/10/14,7.13,7.22,7.4,3373.44,2437140.22,7.35
2002/10/15,7.28,7.32,7.39,2346.58,1712796.92,7.3
2002/10/16,7.32,7.35,7.54,4439.52,3289996.37,7.42
2002/10/17,7.2,7.43,7.45,3048.65,2214400.14,7.22
2002/10/18,7.24,7.24,7.49,6501.48,4795908.01,7.42
2002/10/21,7.35,7.45,7.53,3970.5,2951671.5,7.5
2002/10/22,7.46,7.54,7.65,10507.79,7962205.0,7.59
2002/10/23,7.46,7.62,7.62,4731.87,3568207.0,7.58
2002/10/24,7.44,7.59,7.61,3776.71,2823154.19,7.46
2002/10/25,7.21,7.46,7.52,5052.55,3691139.25,7.24
2002/10/28,7.04,7.2,7.23,5996.0,4266826.01,7.13
2002/10/29,7.05,7.1,7.22,3296.47,2347695.25,7.2
2002/10/30,7.08,7.2,7.24,2435.42,1742713.51,7.16
2002/10/31,7.12,7.12,7.23,2266.17,1623122.01,7.13
2002/11/01,7.08,7.15,7.19,1859.0,1307700.0,7.15
2002/11/04,7.18,7.21,7.3,2634.0,1886354.0,7.27
2002/11/05,7.23,7.33,7.5,9948.0,7358000.0,7.48
2002/11/06,7.42,7.5,7.66,12747.0,9619000.0,7.63
2002/11/07,7.5,7.62,7.69,16033.0,12130000.0,7.55
2002/11/08,7.25,7.59,7.65,6762.0,4995000.0,7.27
2002/11/11,7.2,7.26,7.42,4641.0,3376890.0,7.23
2002/11/12,7.05,7.24,7.3,5386.0,3808000.0,7.07
2002/11/13,6.68,7.06,7.07,14089.0,9555000.0,6.95
2002/11/14,6.62,6.91,6.91,5453.0,3666176.0,6.62
2002/11/15,6.61,6.63,6.83,6210.0,4143000.0,6.69
2002/11/18,6.55,6.84,6.84,3468.0,2277000.0,6.58
2002/11/19,6.24,6.65,6.73,7961.0,5136000.0,6.68
2002/11/20,6.58,6.68,6.83,22435.0,15100000.0,6.58
2002/11/21,6.02,6.4,6.41,12518.0,7750000.0,6.05
2002/11/22,5.81,6.04,6.23,9253.0,5581000.0,6.07
2002/11/25,5.88,6.02,6.14,3068.0,1833000.0,6.07
2002/11/26,5.88,6.06,6.15,4105.0,2435000.0,5.88
2002/11/27,5.76,5.82,5.99,5410.0,3156000.0,5.94
2002/11/28,5.88,5.9,6.3,8200.0,4992476.0,6.22
2002/11/29,6.16,6.25,6.5,15162.0,9601000.0,6.32
2002/12/02,6.04,6.31,6.31,6354.0,3890046.0,6.04
2002/12/03,5.91,6.0,6.13,3747.0,2257942.0,6.12
2002/12/04,6.1,6.1,6.25,3930.0,2403000.0,6.11
2002/12/05,5.95,6.07,6.12,3170.0,1894140.0,6.03
2002/12/06,6.0,6.05,6.25,4546.0,2765501.0,6.08
2002/12/09,5.98,6.06,6.15,3106.0,1856000.0,5.99
2002/12/10,5.85,6.0,6.1,3545.99,2090796.0,5.87
2002/12/11,5.65,5.87,5.9,5594.0,3195000.0,5.77
2002/12/12,5.74,5.76,5.92,3251.0,1867760.0,5.75
2002/12/13,5.68,5.7,5.99,5499.3,3210027.76,5.9
2002/12/16,5.89,5.94,6.04,5680.34,3401868.01,6.01
2002/12/17,6.0,6.02,6.13,5374.49,3261115.26,6.12
2002/12/18,6.01,6.12,6.22,5666.26,3471250.01,6.02
2002/12/19,6.0,6.02,6.21,5757.54,3519617.53,6.13
2002/12/20,6.05,6.17,6.21,6395.98,3940301.02,6.19
2002/12/23,6.15,6.22,6.29,7209.33,4492956.01,6.21
2002/12/24,6.12,6.15,6.22,3263.61,2009738.26,6.2
2002/12/25,6.14,6.2,6.28,4363.3,2714391.26,6.14
2002/12/26,5.85,6.14,6.15,7484.0,4472563.0,5.86
2002/12/27,5.69,5.81,5.93,6157.1,3579746.0,5.84
2002/12/30,5.71,5.85,5.85,2887.3,1658511.0,5.72
2002/12/31,5.57,5.72,5.8,3352.0,1910674.0,5.58
2003/01/02,5.4,5.58,5.62,4033.0,2212444.0,5.41
2003/01/03,5.36,5.4,5.47,3139.0,1698843.0,5.45
2003/01/06,5.43,5.43,5.6,3117.0,1720038.0,5.58
2003/01/07,5.44,5.6,5.65,3071.0,1705744.0,5.48
2003/01/08,5.45,5.45,5.77,7036.0,3989592.0,5.75
2003/01/09,5.67,5.7,5.89,10782.0,6257467.0,5.89
2003/01/10,5.77,5.88,6.09,11792.0,6979793.0,5.87
2003/01/13,5.79,5.8,5.9,3960.0,2311488.0,5.86
2003/01/14,5.81,5.86,6.2,18612.0,11302560.0,6.13
2003/01/15,6.05,6.16,6.32,15064.0,9319355.0,6.1
2003/01/16,6.06,6.07,6.22,8761.0,5367656.0,6.19
2003/01/17,6.09,6.19,6.24,9052.0,5560135.0,6.15
2003/01/20,6.18,6.2,6.77,45977.0,29968076.0,6.77
2003/01/21,6.51,6.8,6.86,36770.0,24533480.0,6.53
2003/01/22,6.44,6.48,7.0,43550.0,29533346.0,6.75
2003/01/23,6.5,6.7,6.78,17903.0,11841395.0,6.54
2003/01/24,6.4,6.48,6.68,12703.0,8306096.0,6.62
2003/01/27,6.57,6.62,6.69,10506.0,6969192.0,6.65
2003/01/28,6.59,6.72,6.72,7205.0,4786814.0,6.66
2003/01/29,6.57,6.66,6.7,6572.0,4345550.0,6.57
2003/02/10,6.4,6.57,6.63,4399.0,2850901.0,6.43
2003/02/11,6.38,6.42,6.55,4279.0,2777445.0,6.52
2003/02/12,6.46,6.53,6.72,8321.0,5505091.0,6.69
2003/02/13,6.65,6.68,6.88,11583.0,7811530.0,6.65
2003/02/14,6.58,6.68,6.69,6075.0,4027643.0,6.6
2003/02/17,6.68,6.75,7.05,24911.0,17007327.0,6.78
2003/02/18,6.67,6.72,6.8,6437.0,4324583.0,6.73
2003/02/19,6.6,6.7,6.79,7268.0,4869510.0,6.79
2003/02/20,6.7,6.8,6.84,5391.0,3641421.0,6.71
2003/02/21,6.48,6.69,6.71,10871.0,7133527.0,6.49
2003/02/24,6.41,6.41,6.55,4414.0,2855698.0,6.44
2003/02/25,6.43,6.43,6.65,6863.0,4527052.0,6.63
2003/02/26,6.5,6.65,6.68,3855.0,2535625.0,6.58
2003/02/27,6.53,6.62,6.66,4116.0,2710675.0,6.55
2003/02/28,6.5,6.54,6.63,4251.0,2788948.0,6.6
2003/03/03,6.52,6.65,6.65,4486.0,2944164.0,6.62
2003/03/04,6.56,6.68,6.68,3542.0,2340422.0,6.59
2003/03/05,6.43,6.52,6.63,5996.0,3896725.0,6.51
2003/03/06,6.34,6.5,6.51,7841.0,5010920.0,6.34
2003/03/07,6.23,6.33,6.39,6455.0,4056747.0,6.28
2003/03/10,6.04,6.28,6.28,5002.0,3071600.0,6.07
2003/03/11,6.04,6.05,6.17,3502.0,2138941.0,6.14
2003/03/12,6.04,6.12,6.18,3261.0,1987897.0,6.14
2003/03/13,6.07,6.14,6.16,2795.0,1707024.0,6.07
2003/03/14,6.05,6.05,6.14,2872.0,1750457.0,6.09
2003/03/17,5.94,6.06,6.08,5135.0,3088217.0,6.02
2003/03/18,5.96,6.0,6.12,2686.0,1616793.0,5.97
2003/03/19,5.91,5.91,6.01,5407.0,3226370.0,5.98
2003/03/20,5.92,6.03,6.03,1736.0,1033294.0,5.96
2003/03/21,5.92,6.01,6.06,2491.0,1495164.0,6.05
2003/03/24,6.02,6.03,6.09,2205.0,1334280.0,6.02
2003/03/25,5.95,6.12,6.12,2230.0,1332415.0,5.95
2003/03/26,5.76,5.95,5.95,4489.0,2611711.0,5.79
2003/03/27,5.7,5.76,6.05,6058.0,3557176.0,6.01
2003/03/28,5.97,6.01,6.18,6280.0,3819026.0,6.0
2003/03/31,5.98,6.0,6.08,4309.0,2599802.0,6.05
2003/04/01,6.06,6.08,6.36,10686.84,6649900.0,6.26
2003/04/02,6.14,6.26,6.26,4380.17,2707873.5,6.17
2003/04/03,6.08,6.2,6.23,3562.6,2185065.26,6.09
2003/04/04,6.04,6.07,6.12,4955.1,3010223.01,6.07
2003/04/07,5.92,6.07,6.15,6374.59,3830939.26,5.94
2003/04/08,5.75,5.92,6.0,6666.2,3914718.77,5.79
2003/04/09,5.61,5.8,5.86,12157.49,6967887.0,5.83
2003/04/10,5.67,5.87,5.88,12962.5,7456569.5,5.73
2003/04/11,5.68,5.72,5.83,15330.92,8789368.01,5.79
2003/04/14,5.75,5.8,6.08,15271.24,9084411.0,6.06
2003/04/15,6.02,6.06,6.15,14422.39,8767512.02,6.09
2003/04/16,5.8,6.06,6.09,23729.58,13993060.0,5.82
2003/04/17,5.7,5.82,5.9,12063.41,6940410.01,5.75
2003/04/18,5.75,5.8,5.93,10126.0,5939226.53,5.78
2003/04/21,5.68,5.74,5.74,9582.87,5463569.01,5.73
2003/04/22,5.7,5.72,5.78,5311.83,3047010.51,5.71
2003/04/23,5.62,5.72,5.78,7291.06,4136887.0,5.63
2003/04/24,5.36,5.6,5.69,9117.5,5018364.0,5.39
2003/04/25,4.86,5.4,5.49,17521.08,8925551.02,4.96
2003/04/29,4.71,4.71,5.2,39252.19,18727354.0,4.81
2003/04/30,4.56,4.75,4.75,10997.0,5056277.0,4.56
2003/05/12,4.33,4.36,4.36,3689.0,1601000.0,4.33
2003/05/13,4.11,4.12,4.26,49798.0,20687200.0,4.2
2003/05/14,4.2,4.21,4.36,32830.0,14062300.0,4.26
2003/05/15,4.18,4.24,4.45,37433.0,16261400.0,4.42
2003/05/16,4.3,4.4,4.47,16321.0,7136200.0,4.36
2003/05/19,4.34,4.36,4.58,23849.76,10775106.03,4.58
2003/05/20,4.59,4.64,4.8,34833.25,16281242.01,4.66
2003/05/21,4.5,4.6,4.77,21216.92,9835903.0,4.71
2003/05/22,4.64,4.68,4.8,16276.61,7698106.0,4.68
2003/05/23,4.51,4.68,4.7,19663.12,9042475.01,4.66
2003/05/26,4.6,4.6,4.71,12729.73,5923240.5,4.66
2003/05/27,4.61,4.66,4.78,16516.75,7788145.01,4.74
2003/05/29,4.62,4.82,4.92,26793.47,12810029.01,4.76
2003/05/30,4.72,4.73,4.89,18594.25,8979940.0,4.85
2003/06/02,4.82,4.84,4.97,14263.79,6977171.53,4.9
2003/06/03,4.86,4.89,5.16,42067.67,21404298.04,5.03
2003/06/04,4.78,5.03,5.05,26439.23,12862242.0,4.79
2003/06/05,4.7,4.75,4.89,11429.6,5488706.51,4.84
2003/06/06,4.68,4.79,4.84,10689.59,5078470.01,4.68
2003/06/09,4.47,4.64,4.66,10912.31,4978131.51,4.5
2003/06/10,4.44,4.44,4.6,7113.52,3224786.26,4.56
2003/06/11,4.51,4.56,4.68,7548.3,3477061.26,4.67
2003/06/12,4.65,4.68,4.81,9369.3,4455605.5,4.77
2003/06/13,4.72,4.78,4.88,9723.57,4677205.01,4.83
2003/06/16,4.78,4.83,4.95,12358.58,6027893.51,4.84
2003/06/17,4.6,4.83,4.85,9456.3,4456238.01,4.65
2003/06/18,4.61,4.63,4.72,6306.65,2942886.27,4.63
2003/06/19,4.63,4.63,4.87,38815.48,18864209.75,4.87
2003/06/20,4.93,4.93,5.1,76110.46,38215156.0,4.98
2003/06/23,4.73,4.73,4.97,24391.37,11698694.01,4.79
2003/06/24,4.68,4.75,5.01,23854.31,11714073.01,5.0
2003/06/25,4.96,4.99,5.2,48523.22,24848595.95,5.08
2003/06/26,5.04,5.07,5.32,70968.98,36993524.01,5.32
2003/06/27,5.2,5.38,5.55,73088.17,39524636.01,5.29
2003/06/30,5.02,5.25,5.25,32061.35,16167298.0,5.02
2003/07/01,4.77,4.9,5.05,49243.24,23796606.01,4.98
2003/07/02,4.75,4.88,5.04,25635.51,12466450.0,4.8
2003/07/03,4.8,4.8,4.98,15769.05,7732757.54,4.9
2003/07/04,4.86,4.86,5.03,15423.96,7635361.5,4.92
2003/07/07,4.67,4.88,4.88,22565.24,10645852.0,4.7
2003/07/08,4.58,4.67,4.8,11813.78,1211396.5,4.76
2003/07/09,4.67,4.78,4.78,8822.73,4150153.76,4.75
2003/07/10,4.54,4.73,4.73,22510.25,10391453.0,4.69
2003/07/11,4.63,4.64,4.72,10102.45,4719625.0,4.69
2003/07/14,4.6,4.6,4.88,13307.87,6364119.01,4.85
2003/07/15,4.76,4.85,4.85,6580.89,3154775.0,4.79
2003/07/16,4.72,4.8,4.85,7565.03,3630172.76,4.85
2003/07/17,4.74,4.85,4.86,9552.66,4572150.01,4.84
2003/07/18,4.62,4.82,4.84,10954.72,5140256.5,4.63
2003/07/21,4.45,4.6,4.67,11274.61,5115323.52,4.47
2003/07/22,4.45,4.45,4.65,5524.09,2509937.51,4.57
2003/07/23,4.53,4.57,4.58,2950.0,1342451.14,4.58
2003/07/24,4.4,4.58,4.58,7621.12,3396669.77,4.42
2003/07/25,4.32,4.39,4.45,9507.9,4167332.0,4.32
2003/07/28,4.18,4.26,4.35,6812.2,2895329.27,4.35
2003/07/29,4.28,4.34,4.46,5582.0,2457535.51,4.45
2003/07/30,4.36,4.44,4.48,3411.1,1504292.64,4.37
2003/07/31,4.27,4.36,4.48,5169.49,2231177.75,4.29
2003/08/01,4.21,4.21,4.33,2191.77,937698.0,4.26
2003/08/04,4.24,4.3,4.44,7114.03,3073835.75,4.4
2003/08/05,4.33,4.41,4.44,4425.5,1941899.76,4.42
2003/08/06,4.37,4.41,4.46,4337.08,1919561.89,4.43
2003/08/07,4.36,4.41,4.45,3888.8,1717368.78,4.45
2003/08/08,4.39,4.44,4.62,17611.77,7988745.0,4.55
2003/08/11,4.48,4.52,4.6,5422.09,2450452.26,4.5
2003/08/12,4.48,4.48,4.56,4904.7,2220603.26,4.5
2003/08/13,4.29,4.5,4.5,5354.38,2348596.51,4.32
2003/08/14,4.22,4.29,4.35,7502.97,3201215.75,4.29
2003/08/15,4.25,4.28,4.32,3037.8,1299014.4,4.26
2003/08/18,4.25,4.28,4.38,4759.8,2059188.25,4.36
2003/08/19,4.42,4.42,4.58,21374.85,9695485.0,4.58
2003/08/20,4.39,4.62,4.65,18781.45,8491754.01,4.48
2003/08/21,4.37,4.4,4.51,7821.0,3461588.0,4.45
2003/08/22,4.4,4.42,4.58,10335.05,4666387.0,4.58
2003/08/25,4.44,4.57,4.57,6216.7,2782569.01,4.45
2003/08/26,4.36,4.45,4.55,6904.04,3054210.76,4.39
2003/08/27,4.37,4.37,4.5,4311.62,1912986.62,4.42
2003/08/28,4.27,4.43,4.43,6223.44,2709852.02,4.27
2003/08/29,4.22,4.29,4.34,5104.72,2178457.01,4.3
2003/09/01,4.26,4.27,4.4,3841.09,1672697.14,4.38
2003/09/02,4.31,4.41,4.53,11610.05,5130396.51,4.49
2003/09/03,4.5,4.53,4.59,19434.15,8835664.0,4.51
2003/09/04,4.42,4.52,4.54,8329.67,3720077.51,4.5
2003/09/05,4.39,4.48,4.5,5414.0,2403031.0,4.42
2003/09/08,4.3,4.3,4.46,3351.18,1458695.27,4.35
2003/09/09,4.32,4.32,4.42,2211.01,964903.39,4.37
2003/09/10,4.31,4.36,4.39,2663.4,1155979.25,4.34
2003/09/11,4.34,4.34,4.42,2945.49,1288577.63,4.4
2003/09/12,4.3,4.44,4.44,3095.59,1347545.75,4.35
2003/09/15,4.24,4.31,4.33,5172.99,2210532.52,4.26
2003/09/16,4.23,4.23,4.33,2675.09,1148354.01,4.32
2003/09/17,4.25,4.32,4.34,1962.19,843448.75,4.28
2003/09/18,4.24,4.28,4.28,2998.01,1275005.25,4.26
2003/09/19,4.12,4.26,4.28,9563.09,3986406.52,4.15
2003/09/22,4.13,4.13,4.19,3295.2,1371399.0,4.15
2003/09/23,4.13,4.15,4.21,2882.0,1203412.88,4.2
2003/09/24,4.17,4.22,4.25,2655.34,1118265.88,4.25
2003/09/25,4.15,4.24,4.24,2325.57,970735.57,4.17
2003/09/26,4.03,4.16,4.16,4854.0,1982807.01,4.04
2003/09/29,3.84,4.04,4.05,6795.0,334171.25,3.85
2003/09/30,3.76,3.85,3.9,5934.97,526973.0,3.9
2003/10/08,3.84,3.84,3.92,1708.03,660511.56,3.89
2003/10/09,3.86,3.9,3.94,2640.01,1031354.94,3.86
2003/10/10,3.86,3.86,3.96,3587.62,1407926.88,3.95
2003/10/13,3.89,3.99,3.99,3164.31,1246176.38,3.95
2003/10/14,3.91,3.92,3.98,2448.34,966912.76,3.94
2003/10/15,3.95,3.95,4.08,3914.13,1569063.13,4.0
2003/10/16,3.82,4.0,4.0,2332.2,905932.63,3.83
2003/10/17,3.8,3.81,3.87,1467.3,563170.0,3.84
2003/10/20,3.7,3.85,3.86,3644.03,1371456.88,3.72
2003/10/21,3.62,3.73,3.75,4217.05,1551424.52,3.68
2003/10/22,3.68,3.68,3.78,3819.53,373711.25,3.76
2003/10/23,3.71,3.76,3.82,3353.5,231972.0,3.75
2003/10/24,3.56,3.75,3.75,6779.69,2459451.77,3.56
2003/10/27,3.39,3.47,3.55,10473.0,3590280.51,3.39
2003/10/28,3.22,3.38,3.38,12215.87,3999374.25,3.26
2003/10/29,3.12,3.25,3.28,5906.97,260008.25,3.21
2003/10/30,3.1,3.21,3.21,6805.01,2130378.78,3.11
2003/10/31,3.27,3.27,3.27,4270.88,1396577.63,3.27
2003/11/03,3.38,3.43,3.43,17014.68,5831781.51,3.43
2003/11/04,3.43,3.57,3.58,28183.27,9870061.01,3.57
2003/11/05,3.44,3.57,3.6,12250.68,4300527.0,3.47
2003/11/06,3.3,3.47,3.47,12755.79,4249989.5,3.3
2003/11/07,3.14,3.14,3.3,10919.87,3486026.26,3.28
2003/11/10,3.15,3.28,3.28,5817.63,1869833.02,3.25
2003/11/11,3.18,3.22,3.36,6490.03,2122083.75,3.33
2003/11/12,3.18,3.32,3.32,4304.79,1392404.89,3.22
2003/11/13,3.15,3.15,3.29,4524.24,1467183.52,3.26
2003/11/14,3.19,3.23,3.25,2585.6,835781.19,3.25
2003/11/17,3.18,3.2,3.25,3038.91,223351.19,3.18
2003/11/18,3.13,3.17,3.35,9109.08,2974586.26,3.35
2003/11/19,3.28,3.3,3.4,9237.29,3087424.27,3.37
2003/11/20,3.31,3.36,3.47,11091.86,3757339.01,3.4
2003/11/21,3.38,3.43,3.58,34737.24,12290456.02,3.58
2003/11/24,3.52,3.62,3.66,38655.41,13936936.0,3.65
2003/11/25,3.55,3.65,3.68,23232.69,8398909.0,3.66
2003/11/26,3.56,3.66,3.66,12464.65,4473337.5,3.57
2003/11/27,3.39,3.51,3.55,13738.5,4758926.5,3.4
2003/11/28,3.34,3.4,3.53,8837.21,3030683.02,3.45
2003/12/01,3.51,3.63,3.63,7342.6,2607587.51,3.54
2003/12/02,3.45,3.52,3.62,12333.8,4377415.0,3.61
2003/12/03,3.53,3.6,3.64,8751.76,3129912.76,3.56
2003/12/04,3.51,3.53,3.6,5544.98,1965290.0,3.56
2003/12/05,3.52,3.54,3.62,12454.47,4464675.5,3.61
2003/12/08,3.6,3.6,3.68,9843.42,3583920.27,3.66
2003/12/09,3.57,3.66,3.67,8724.49,3147688.5,3.58
2003/12/10,3.5,3.56,3.65,9471.77,3407914.75,3.62
2003/12/11,3.57,3.61,3.8,30036.11,11257957.0,3.8
2003/12/12,3.7,3.85,3.9,30238.66,11465052.0,3.74
2003/12/15,3.74,3.74,3.83,8398.46,3186294.25,3.78
2003/12/16,3.65,3.78,3.8,9969.22,3688310.51,3.68
2003/12/17,3.63,3.68,3.7,9179.48,3349097.26,3.63
2003/12/18,3.45,3.59,3.63,10718.0,3747554.0,3.47
2003/12/19,3.3,3.41,3.46,11577.0,3842123.01,3.3
2003/12/22,3.14,3.2,3.34,15294.0,4878085.0,3.33
2003/12/23,3.27,3.34,3.46,10138.7,3416851.76,3.37
2003/12/24,3.22,3.35,3.42,10200.86,3360446.01,3.28
2003/12/25,3.2,3.28,3.33,8796.77,2856599.75,3.25
2003/12/26,3.21,3.25,3.35,6543.7,2164623.26,3.34
2003/12/30,3.17,3.32,3.35,16008.87,5118753.51,3.17
2003/12/31,3.01,3.11,3.2,22414.73,6830218.51,3.03
2004/01/02,2.9,3.05,3.1,12760.77,3798680.51,2.99
2004/01/05,2.91,2.96,3.04,12526.46,3715085.76,2.95
2004/01/06,2.81,2.95,3.04,23683.23,6890264.51,3.04
2004/01/07,2.92,2.99,3.04,12389.0,3701356.51,2.93
2004/01/08,2.85,2.94,2.99,15952.45,4672646.01,2.98
2004/01/09,2.95,2.98,3.13,22556.93,6872182.51,3.11
2004/01/12,3.04,3.14,3.14,11261.03,3455678.01,3.05
2004/01/13,3.05,3.07,3.17,12310.03,3841413.26,3.14
2004/01/14,3.12,3.15,3.2,13437.3,4245492.01,3.17
2004/01/15,3.01,3.1,3.16,17052.47,5199989.0,3.04
2004/01/16,2.95,3.03,3.05,8062.05,2415219.27,2.99
2004/01/29,2.97,2.98,3.09,7040.67,2153826.51,3.07
2004/01/30,3.07,3.11,3.22,19510.95,6198886.0,3.18
2004/02/02,3.15,3.2,3.31,20305.03,6570947.52,3.31
2004/02/03,3.25,3.31,3.44,21289.22,7135992.5,3.42
2004/02/04,3.4,3.4,3.57,20517.71,7148735.0,3.47
2004/02/05,3.44,3.46,3.63,40019.41,14399007.01,3.63
2004/02/06,3.49,3.68,3.7,28421.02,10213748.01,3.54
2004/02/09,3.5,3.5,3.68,15564.12,5634350.0,3.65
2004/02/10,3.65,3.65,3.83,27701.33,10420348.01,3.8
2004/02/11,3.75,3.76,3.95,28543.03,10995269.01,3.89
2004/02/12,3.88,3.88,4.08,26967.14,10829667.01,4.07
2004/02/13,3.88,4.1,4.15,25972.7,10136696.0,3.88
2004/02/16,3.69,3.7,3.84,19617.04,7370339.0,3.81
2004/02/17,3.8,3.8,3.9,13180.55,5071122.03,3.87
2004/02/18,3.85,3.92,3.93,9958.58,3861429.01,3.89
2004/02/19,3.85,3.9,3.98,14141.78,5546380.01,3.94
2004/02/20,3.94,3.98,4.08,13555.28,5417960.51,3.99
2004/02/23,3.98,4.01,4.1,18557.4,7478786.0,3.99
2004/02/24,3.8,3.98,3.98,25554.8,9800418.01,3.8
2004/02/25,3.74,3.8,3.92,13757.61,5294478.03,3.74
2004/02/26,3.6,3.74,3.74,13745.17,4996369.51,3.61
2004/02/27,3.56,3.59,3.68,5291.79,1923774.27,3.67
2004/03/01,3.63,3.7,3.72,6058.79,2230155.52,3.71
2004/03/02,3.7,3.7,3.8,7736.54,2916591.5,3.77
2004/03/03,3.7,3.71,3.85,7228.38,2710278.76,3.7
2004/03/04,3.59,3.68,3.73,9863.38,3601029.28,3.72
2004/03/05,3.61,3.72,3.72,3842.0,1400525.5,3.63
2004/03/08,3.46,3.63,3.64,10017.0,3562960.03,3.47
2004/03/09,3.45,3.45,3.56,4775.83,1681450.51,3.49
2004/03/10,3.5,3.5,3.66,7846.01,2857779.5,3.66
2004/03/11,3.7,3.7,3.84,7101.92,2714575.25,3.84
2004/03/12,3.77,3.94,3.94,18527.92,7122194.51,3.82
2004/03/15,3.75,3.75,3.94,16031.1,6233816.01,3.93
2004/03/16,3.86,3.98,4.01,13673.9,5393665.51,3.94
2004/03/17,3.87,3.91,3.95,10687.46,4179590.75,3.92
2004/03/18,3.77,3.89,3.9,8378.2,3225365.02,3.8
2004/03/19,3.79,3.85,3.98,18384.95,7267048.0,3.95
2004/03/22,3.9,3.95,4.0,6970.04,2754776.52,3.97
2004/03/23,3.91,3.94,4.04,9360.78,3751801.0,4.02
2004/03/24,3.94,4.05,4.06,9612.05,3842245.77,3.94
2004/03/25,3.88,3.94,4.0,8143.75,3215821.76,3.99
2004/03/26,3.88,3.99,3.99,5210.63,2048673.26,3.92
2004/03/29,3.88,3.92,4.01,8754.02,3479643.01,3.99
2004/03/30,4.03,4.19,4.19,18950.63,7793938.5,4.05
2004/03/31,4.02,4.03,4.11,8943.71,3639482.01,4.11
2004/04/01,4.07,4.1,4.18,9840.66,4077968.54,4.18
2004/04/02,4.15,4.17,4.32,14173.86,6021585.52,4.31
2004/04/05,4.22,4.33,4.45,16617.06,7218225.0,4.3
2004/04/06,4.22,4.33,4.4,10776.97,4605015.0,4.3
2004/04/07,4.24,4.29,4.31,6894.5,2944690.25,4.25
2004/04/08,4.24,4.24,4.34,8956.01,3844189.25,4.25
2004/04/09,4.04,4.23,4.24,20801.52,8488702.0,4.06
2004/04/12,3.96,4.0,4.05,7696.82,3085498.5,4.04
2004/04/13,4.01,4.03,4.19,8659.96,3557318.75,4.12
2004/04/14,3.95,4.05,4.13,11394.82,4595935.02,4.0
2004/04/15,3.92,4.0,4.06,4125.0,1651685.75,3.93
2004/04/16,3.75,3.93,3.97,8217.98,3161555.25,3.88
2004/04/19,3.82,3.88,3.94,3897.7,1515075.13,3.9
2004/04/20,3.84,3.92,3.95,2679.3,1042723.13,3.89
2004/04/21,3.71,3.86,3.89,9571.79,3594424.26,3.72
2004/04/22,3.65,3.75,3.83,8584.45,3222617.76,3.83
2004/04/23,3.69,3.82,3.84,7154.66,2677103.25,3.75
2004/04/26,3.67,3.73,3.8,4996.31,1864223.28,3.76
2004/04/27,3.63,3.76,3.8,4433.0,1640270.0,3.68
2004/04/28,3.48,3.63,3.78,7026.21,2607278.5,3.75
2004/04/30,3.68,3.78,3.78,4465.48,1662605.63,3.73
2004/05/10,3.68,3.72,3.78,2191.53,811557.81,3.7
2004/05/11,3.65,3.68,3.75,2162.67,798874.25,3.75
2004/05/12,3.74,3.74,3.84,3662.0,1388407.0,3.83
2004/05/13,3.78,3.83,3.84,1982.5,755340.5,3.8
2004/05/14,3.7,3.8,3.8,1850.0,693830.0,3.72
2004/05/17,3.66,3.7,3.75,1834.15,678114.49,3.72
2004/05/18,3.63,3.67,3.77,2327.55,857355.5,3.74
2004/05/19,3.68,3.74,3.76,2301.36,856257.57,3.7
2004/05/20,3.65,3.71,3.75,1370.8,504912.31,3.68
2004/05/21,3.6,3.65,3.71,2578.99,938182.38,3.64
2004/05/24,3.52,3.64,3.64,2963.0,1060992.64,3.56
2004/05/26,3.38,3.38,3.47,6088.0,2063974.01,3.38
2004/05/27,3.3,3.33,3.49,3249.33,1112311.25,3.48
2004/05/28,3.4,3.47,3.5,1289.8,445678.56,3.45
2004/05/31,3.38,3.45,3.45,1332.78,454860.47,3.43
2004/06/01,3.4,3.4,3.5,2625.36,910655.44,3.49
2004/06/02,3.38,3.49,3.49,2572.0,885723.19,3.41
2004/06/03,3.32,3.41,3.41,2299.01,773229.75,3.38
2004/06/04,3.3,3.39,3.39,2970.01,990272.31,3.32
2004/06/07,3.21,3.36,3.36,2008.09,654322.31,3.21
2004/06/08,3.16,3.19,3.26,2818.63,898771.06,3.19
2004/06/09,3.16,3.16,3.26,2567.7,824085.62,3.19
2004/06/10,3.18,3.19,3.24,2197.88,701433.63,3.21
2004/06/11,3.19,3.21,3.32,1331.8,433214.19,3.2
2004/06/14,3.05,3.2,3.2,2984.0,924885.0,3.06
2004/06/15,3.02,3.07,3.15,1751.32,539190.31,3.1
2004/06/16,3.06,3.12,3.18,2080.0,646654.94,3.1
2004/06/17,3.04,3.11,3.11,1151.17,353166.19,3.09
2004/06/18,3.01,3.05,3.09,1400.01,426056.03,3.06
2004/06/21,3.05,3.06,3.11,1294.37,398162.22,3.1
2004/06/22,3.1,3.12,3.19,2423.31,762139.13,3.19
2004/06/23,3.09,3.19,3.2,1476.74,460903.5,3.14
2004/06/24,3.06,3.12,3.14,1632.5,503808.0,3.06
2004/06/25,2.98,3.08,3.09,2266.5,686221.19,3.03
2004/06/28,2.94,3.02,3.02,2100.05,624922.63,2.98
2004/06/29,2.83,2.88,2.95,6965.5,1988573.5,2.85
2004/06/30,2.82,2.83,2.9,3637.5,1033967.5,2.85
2004/07/01,2.84,2.87,2.99,4575.23,1343744.13,2.98
2004/07/02,2.95,3.02,3.1,5807.32,1773833.01,3.06
2004/07/05,3.02,3.03,3.08,1606.0,488931.53,3.06
2004/07/06,3.06,3.06,3.15,3538.0,1096479.38,3.08
2004/07/07,3.07,3.08,3.16,4494.58,1402474.89,3.13
2004/07/08,3.11,3.26,3.26,10077.0,3185382.25,3.18
2004/07/09,3.05,3.17,3.21,3100.0,964593.0,3.05
2004/07/12,2.99,3.15,3.15,2056.6,624928.13,3.06
2004/07/13,3.0,3.08,3.08,1215.58,368581.0,3.06
2004/07/14,2.95,3.05,3.07,1506.37,448351.15,2.96
2004/07/15,2.9,2.95,2.96,2065.09,602596.38,2.92
2004/07/16,2.92,3.0,3.07,7158.41,2172629.5,3.05
2004/07/19,3.02,3.05,3.18,8080.1,2521127.76,3.13
2004/07/20,3.03,3.13,3.2,6363.2,1962813.25,3.1
2004/07/21,3.0,3.1,3.13,4460.5,1369164.51,3.06
2004/07/22,2.91,3.1,3.1,4406.0,1311058.0,2.95
2004/07/23,2.8,3.0,3.0,8827.0,2527717.0,2.94
2004/07/26,2.84,2.92,2.92,2166.0,619811.0,2.87
2004/07/27,2.73,2.87,2.87,4268.0,1171122.0,2.73
2004/07/28,2.64,2.73,2.79,2333.46,630595.0,2.73
2004/07/29,2.7,2.77,2.77,2142.99,582185.94,2.75
2004/07/30,2.72,2.73,2.77,1100.92,301871.15,2.73
2004/08/02,2.7,2.73,2.76,1187.1,324180.38,2.75
2004/08/03,2.71,2.77,2.77,887.79,242981.99,2.74
2004/08/04,2.6,2.6,2.79,3361.69,921927.87,2.77
2004/08/05,2.64,2.76,2.76,1968.0,532084.75,2.69
2004/08/06,2.61,2.65,2.7,2146.0,569238.0,2.63
2004/08/09,2.53,2.6,2.63,3143.08,807758.5,2.6
2004/08/10,2.57,2.61,2.68,1675.03,437591.75,2.64
2004/08/11,2.56,2.63,2.63,1065.62,275398.31,2.58
2004/08/12,2.45,2.51,2.53,3666.51,905851.0,2.45
2004/08/13,2.36,2.36,2.45,4397.79,1053380.25,2.42
2004/08/16,2.29,2.4,2.4,2675.0,618855.0,2.29
2004/08/17,2.18,2.23,2.27,7800.4,1716507.25,2.26
2004/08/18,2.23,2.26,2.3,3289.5,745951.5,2.25
2004/08/19,2.16,2.24,2.24,2377.09,525039.5,2.21
2004/08/20,2.18,2.22,2.32,4491.78,1019089.13,2.32
2004/08/23,2.36,2.36,2.44,10991.66,2654778.75,2.44
2004/08/24,2.46,2.48,2.56,13562.0,3400685.75,2.48
2004/08/25,2.38,2.47,2.5,2736.09,667502.5,2.47
2004/08/26,2.42,2.47,2.49,1790.74,437897.56,2.44
2004/08/27,2.32,2.32,2.41,3885.0,905950.0,2.32
2004/08/30,2.21,2.25,2.32,2465.5,559693.06,2.32
2004/08/31,2.33,2.4,2.41,5245.01,1244844.38,2.38
2004/09/01,2.32,2.37,2.37,1361.0,318527.0,2.32
2004/09/02,2.22,2.28,2.38,2569.0,602349.0,2.36
2004/09/03,2.33,2.36,2.44,5326.0,1281857.0,2.41
2004/09/06,2.36,2.41,2.46,3336.72,803573.0,2.44
2004/09/07,2.38,2.4,2.46,2543.0,615798.0,2.43
2004/09/08,2.37,2.4,2.45,1997.0,482719.03,2.41
2004/09/09,2.37,2.37,2.53,10614.6,2638595.76,2.47
2004/09/10,2.37,2.42,2.52,5696.2,1406514.0,2.49
2004/09/13,2.37,2.44,2.49,3120.5,754400.0,2.39
2004/09/14,2.39,2.39,2.48,3757.63,921942.81,2.47
2004/09/15,2.44,2.47,2.59,12842.11,3273566.25,2.59
2004/09/16,2.52,2.6,2.62,9778.9,2506568.27,2.59
2004/09/17,2.58,2.59,2.72,11549.16,3061771.0,2.69
2004/09/20,2.65,2.7,2.77,8997.43,2439414.26,2.77
2004/09/21,2.65,2.78,2.78,10214.89,2771742.51,2.71
2004/09/22,2.57,2.65,2.72,9108.87,2395944.0,2.59
2004/09/23,2.55,2.59,2.63,4448.46,1153786.63,2.63
2004/09/24,2.55,2.63,2.66,8510.51,2192626.75,2.58
2004/09/27,2.55,2.55,2.69,6697.72,1759069.88,2.59
2004/09/28,2.5,2.56,2.59,2005.44,510727.19,2.56
2004/09/29,2.48,2.56,2.57,3776.42,956680.0,2.48
2004/09/30,2.36,2.36,2.4,5609.0,1328874.0,2.36
2004/10/08,2.29,2.3,2.39,3838.11,891861.19,2.39
2004/10/11,2.27,2.36,2.38,8204.43,1885159.51,2.31
2004/10/12,2.23,2.28,2.3,3383.81,769152.69,2.29
2004/10/13,2.18,2.29,2.3,2385.22,531560.0,2.23
2004/10/14,2.12,2.19,2.2,4036.31,861621.0,2.12
2004/10/15,2.01,2.05,2.05,7243.0,1460147.26,2.03
2004/10/18,1.94,2.0,2.05,3818.67,762551.62,2.02
2004/10/19,2.01,2.02,2.07,5354.13,1092982.25,2.05
2004/10/20,1.96,2.05,2.06,2382.0,476864.0,1.99
2004/10/21,1.89,1.95,1.96,4149.63,788208.04,1.89
2004/10/22,1.8,1.81,1.85,9214.91,1670497.64,1.83
2004/10/25,1.78,1.78,1.92,7956.59,1484545.25,1.92
2004/10/26,1.82,1.95,1.95,4399.4,827322.69,1.89
2004/10/27,1.86,1.86,1.98,4794.11,933940.94,1.96
2004/10/28,1.92,1.95,1.98,4895.3,951814.32,1.94
2004/10/29,1.84,1.92,1.92,4957.81,921918.88,1.84
2004/11/01,1.75,1.8,1.89,4793.89,885287.13,1.86
2004/11/02,1.84,1.86,1.92,4009.4,755630.31,1.9
2004/11/03,1.9,1.9,1.99,5789.1,1131290.88,1.97
2004/11/04,1.87,1.97,1.97,4045.0,773176.13,1.9
2004/11/05,1.84,1.9,1.9,1891.18,352480.72,1.86
2004/11/08,1.81,1.87,1.9,2144.94,398296.78,1.88
2004/11/09,1.84,1.84,1.89,1512.8,281594.0,1.85
2004/11/10,1.85,1.86,1.94,5480.9,1038823.12,1.94
2004/11/11,1.92,1.92,2.04,13715.59,2762290.75,2.04
2004/11/12,1.97,2.05,2.06,8626.52,1746566.01,1.99
2004/11/15,1.96,1.96,2.01,2705.65,533343.88,1.98
2004/11/16,1.97,1.98,2.02,2942.41,585930.5,2.01
2004/11/17,1.94,2.0,2.0,2615.0,515012.0,1.98
2004/11/18,1.98,1.98,2.03,4153.97,836098.31,2.03
2004/11/19,1.99,2.03,2.04,2582.0,521247.0,2.04
2004/11/22,2.03,2.04,2.14,6157.04,1294694.38,2.09
2004/11/23,2.08,2.1,2.15,8444.5,1780219.5,2.11
2004/11/24,2.0,2.1,2.14,9152.0,1853920.0,2.0
2004/11/25,1.91,1.96,2.02,4255.14,830535.25,1.96
2004/11/26,1.94,1.95,2.0,1833.28,361188.35,1.98
2004/11/29,1.92,1.98,1.99,3082.55,600425.63,1.93
2004/11/30,1.93,1.93,1.96,2558.99,498598.12,1.96
2004/12/01,1.95,1.98,2.06,11213.05,2269047.02,2.06
2004/12/02,1.99,2.05,2.1,12361.08,2513125.52,2.08
2004/12/03,2.02,2.07,2.12,10095.7,2102272.04,2.09
2004/12/06,2.05,2.08,2.18,9266.43,1953526.14,2.17
2004/12/07,2.06,2.1,2.15,8292.5,1746166.0,2.09
2004/12/08,2.07,2.08,2.19,22025.01,4747442.51,2.18
2004/12/09,2.07,2.18,2.18,12517.14,2626043.02,2.09
2004/12/10,2.01,2.1,2.12,8947.43,1859767.76,2.12
2004/12/13,2.06,2.15,2.18,19333.79,4094117.82,2.14
2004/12/14,2.06,2.12,2.13,6888.66,1439935.64,2.08
2004/12/15,1.98,2.08,2.1,15292.98,3056627.0,1.98
2004/12/16,1.88,1.98,1.98,9545.0,1810639.0,1.88
2004/12/17,1.81,1.88,1.91,5224.98,968086.31,1.88
2004/12/20,1.84,1.87,1.9,2817.0,528410.0,1.87
2004/12/21,1.86,1.89,1.92,4672.98,883754.25,1.9
2004/12/22,1.88,1.9,1.93,8484.87,1619804.63,1.93
2004/12/23,1.91,1.93,1.95,6167.92,1191058.64,1.92
2004/12/24,1.9,1.93,1.94,3525.0,673286.0,1.91
2004/12/27,1.88,1.91,1.93,2502.0,476021.0,1.9
2004/12/28,1.9,2.0,2.0,30880.17,6054317.5,1.93
2004/12/29,1.83,1.85,1.87,15695.31,2886989.76,1.87
2004/12/30,1.81,1.86,1.86,5358.25,977510.75,1.83
2004/12/31,1.78,1.82,1.84,6711.93,1216202.5,1.8
2005/01/04,1.71,1.71,1.83,7402.05,1299708.38,1.83
2005/01/05,1.82,1.84,1.9,13268.3,2451871.01,1.9
2005/01/06,1.85,1.87,1.9,7175.3,1341938.5,1.86
2005/01/07,1.85,1.85,1.91,9298.49,1752630.88,1.9
2005/01/10,1.87,1.9,1.95,8616.09,1655423.63,1.95
2005/01/11,1.95,1.95,2.05,22052.1,4424633.5,2.03
2005/01/12,1.93,2.0,2.0,18096.06,3505725.5,1.93
2005/01/13,1.89,1.91,1.94,11468.71,2188996.26,1.91
2005/01/14,1.89,1.89,1.95,6993.0,1337079.5,1.91
2005/01/17,1.81,1.91,1.91,7801.5,1441729.5,1.82
2005/01/18,1.8,1.81,1.89,6849.23,1267103.38,1.89
2005/01/19,1.87,1.91,1.93,6009.37,1143310.25,1.9
2005/01/20,1.85,1.9,1.9,5715.18,1067112.25,1.87
2005/01/21,1.85,1.85,1.91,8060.1,1521631.75,1.9
2005/01/24,1.91,1.96,1.97,10632.26,2057244.5,1.97
2005/01/25,1.99,1.99,2.05,29775.58,6025955.5,2.02
2005/01/26,1.95,2.01,2.02,8324.0,1648703.0,1.98
2005/01/27,1.93,1.97,1.98,5908.0,1150588.0,1.93
2005/01/28,1.86,1.92,1.93,5904.31,1111160.63,1.87
2005/01/31,1.82,1.85,1.88,4406.0,813666.0,1.84
2005/02/01,1.82,1.83,1.86,3389.0,623684.0,1.82
2005/02/02,1.82,1.82,1.9,5867.59,1093355.75,1.9
2005/02/03,1.83,1.91,1.91,6592.5,1227919.5,1.84
2005/02/04,1.8,1.82,1.87,5241.16,959168.93,1.82
2005/02/16,1.82,1.84,1.89,5035.05,935018.62,1.87
2005/02/17,1.85,1.88,1.89,3654.0,682788.5,1.89
2005/02/18,1.84,1.88,1.89,3262.23,605843.57,1.85
2005/02/21,1.83,1.83,1.94,10488.71,1987398.25,1.94
2005/02/22,1.89,1.92,2.01,15377.27,2989958.01,1.97
2005/02/23,1.94,1.95,2.0,10538.98,2079078.52,1.97
2005/02/24,1.97,1.98,2.02,10823.11,2159959.76,2.01
2005/02/25,1.98,2.01,2.03,8817.0,1760860.0,2.0
2005/02/28,1.92,2.0,2.0,7976.99,1567375.13,1.93
2005/03/01,1.92,1.93,2.01,8796.11,1731290.37,2.0
2005/03/02,1.96,2.0,2.04,8436.79,1685940.11,1.99
2005/03/03,1.96,1.98,2.02,4176.5,831010.0,2.0
2005/03/04,1.98,2.0,2.08,20240.99,4140982.77,2.04
2005/03/07,1.99,2.02,2.04,6371.0,1280982.01,1.99
2005/03/08,1.95,2.0,2.02,10127.45,2013769.89,2.0
2005/03/09,1.97,2.01,2.06,15404.85,3114722.76,2.05
2005/03/10,2.07,2.07,2.15,52185.07,11172020.0,2.15
2005/03/11,2.09,2.12,2.26,41955.15,9177629.0,2.2
2005/03/14,2.09,2.2,2.2,20710.01,4432829.5,2.17
2005/03/15,2.15,2.17,2.25,13108.19,2876137.76,2.16
2005/03/16,2.05,2.1,2.16,11250.0,2348586.0,2.05
2005/03/17,1.95,2.05,2.06,16861.08,3325504.51,1.96
2005/03/18,1.9,1.95,1.98,6349.5,1234179.0,1.95
2005/03/21,1.92,1.92,1.96,5747.45,1113771.5,1.95
2005/03/22,1.85,1.95,1.95,12631.0,2358024.26,1.85
2005/03/23,1.76,1.81,1.89,15776.65,2827836.76,1.83
2005/03/24,1.79,1.84,1.85,5341.86,971364.13,1.84
2005/03/25,1.82,1.83,1.9,4226.5,789488.69,1.87
2005/03/28,1.86,1.87,1.92,5072.0,951911.82,1.88
2005/03/29,1.84,1.86,1.9,3146.0,589947.0,1.87
2005/03/30,1.8,1.86,1.86,4029.0,735444.19,1.81
2005/03/31,1.76,1.8,1.82,4136.84,743144.13,1.81
2005/04/01,1.81,1.81,1.89,4961.12,919766.81,1.87
2005/04/04,1.82,1.86,1.88,3253.5,604803.0,1.87
2005/04/05,1.83,1.85,1.87,2136.56,394547.69,1.87
2005/04/06,1.83,1.87,1.89,2969.07,554643.25,1.88
2005/04/07,1.86,1.86,1.92,8188.86,1543323.55,1.89
2005/04/08,1.85,1.88,1.92,4882.69,921670.02,1.91
2005/04/11,1.86,1.92,1.92,4414.5,831124.62,1.87
2005/04/12,1.84,1.88,1.89,2936.0,545986.0,1.84
2005/04/13,1.84,1.85,1.9,4874.0,906654.75,1.84
2005/04/14,1.75,1.78,1.84,11281.49,2003645.75,1.78
2005/04/15,1.75,1.75,1.81,5515.15,982541.69,1.77
2005/04/18,1.68,1.72,1.74,6575.89,1111065.5,1.68
2005/04/19,1.62,1.68,1.71,2959.85,499674.1,1.7
2005/04/20,1.62,1.68,1.7,4202.0,689790.0,1.63
2005/04/21,1.55,1.63,1.65,5085.0,795125.0,1.55
2005/04/22,1.47,1.55,1.55,3014.0,444665.0,1.47
2005/04/25,1.4,1.41,1.41,1490.0,208905.0,1.4
2005/04/26,1.33,1.33,1.39,10566.97,1417775.38,1.39
2005/04/27,1.38,1.39,1.46,6860.51,969499.3,1.46
2005/04/28,1.39,1.46,1.5,6127.97,887101.0,1.45
2005/04/29,1.4,1.45,1.52,9886.62,1479367.26,1.51
2005/05/09,1.43,1.45,1.49,3674.0,533217.0,1.43
2005/05/10,1.36,1.4,1.41,2395.0,329918.13,1.41
2005/05/11,1.35,1.4,1.42,3288.26,450589.59,1.38
2005/05/12,1.32,1.36,1.39,1904.0,256681.0,1.35
2005/05/13,1.33,1.33,1.38,2466.44,334002.41,1.37
2005/05/16,1.3,1.37,1.37,1497.24,200930.25,1.35
2005/05/18,1.37,1.37,1.42,6573.74,927614.19,1.42
2005/05/19,1.41,1.43,1.49,10590.58,1567680.76,1.49
2005/05/20,1.52,1.53,1.56,22177.13,3439837.76,1.56
2005/05/23,1.48,1.57,1.57,17355.14,2649764.51,1.53
2005/05/24,1.45,1.49,1.54,6685.99,987773.56,1.51
2005/05/25,1.45,1.5,1.53,6688.5,1000516.5,1.52
2005/05/26,1.48,1.48,1.52,2189.2,327224.6,1.49
2005/05/27,1.47,1.48,1.51,4118.05,615742.5,1.51
2005/05/30,1.48,1.48,1.52,2759.13,413750.26,1.48
2005/05/31,1.46,1.48,1.51,3487.3,519144.09,1.51
2005/06/01,1.46,1.51,1.51,2371.32,351453.38,1.48
2005/06/02,1.47,1.5,1.55,16614.15,2566689.26,1.55
2005/06/03,1.48,1.55,1.55,6778.0,1026019.75,1.5
2005/06/06,1.43,1.48,1.49,6562.78,949991.13,1.48
2005/06/07,1.4,1.46,1.49,5202.25,757069.25,1.47
2005/06/08,1.45,1.48,1.54,10485.29,1598719.39,1.54
2005/06/09,1.5,1.54,1.62,11663.68,1831605.13,1.6
2005/06/10,1.55,1.6,1.61,7278.92,1144637.88,1.57
2005/06/13,1.53,1.55,1.57,3086.39,476125.47,1.55
2005/06/14,1.54,1.58,1.58,2725.62,427151.69,1.55
2005/06/15,1.47,1.55,1.57,4464.0,668204.0,1.5
2005/06/16,1.46,1.49,1.49,2132.18,315284.47,1.48
2005/06/17,1.41,1.48,1.48,3323.99,479316.56,1.47
2005/06/20,1.41,1.47,1.47,3300.35,474783.0,1.47
2005/06/21,1.45,1.46,1.49,2432.84,358332.47,1.49
2005/06/22,1.47,1.47,1.54,4649.93,703647.13,1.54
2005/06/23,1.47,1.54,1.55,2274.89,339360.63,1.5
2005/06/24,1.44,1.47,1.5,1510.5,221585.5,1.5
2005/06/27,1.46,1.49,1.53,7543.82,1137005.88,1.52
2005/06/28,1.53,1.56,1.6,18909.63,2966620.0,1.56
2005/06/29,1.49,1.56,1.56,6477.53,981000.38,1.51
2005/06/30,1.45,1.51,1.51,4338.64,639842.5,1.45
2005/07/01,1.38,1.44,1.44,7657.0,1068828.01,1.38
2005/07/04,1.31,1.37,1.37,5046.47,662236.56,1.31
2005/07/05,1.29,1.31,1.35,8544.0,1121802.13,1.34
2005/07/06,1.3,1.32,1.35,3265.3,431919.01,1.3
2005/07/07,1.29,1.29,1.32,1679.0,220383.0,1.32
2005/07/08,1.25,1.25,1.28,8788.0,1099737.0,1.25
2005/07/11,1.19,1.25,1.28,4489.0,539672.0,1.19
2005/07/12,1.13,1.13,1.18,4920.9,565671.12,1.17
2005/07/13,1.14,1.18,1.18,2986.69,344185.65,1.15
2005/07/14,1.12,1.12,1.16,3674.8,419192.19,1.15
2005/07/15,1.13,1.15,1.17,4165.7,478408.82,1.17
2005/07/18,1.12,1.17,1.18,3602.0,413929.0,1.12
2005/07/19,1.06,1.12,1.12,6006.0,643104.0,1.06
2005/07/20,1.03,1.04,1.09,3291.04,351902.26,1.08
2005/07/21,1.04,1.09,1.09,2049.0,218750.0,1.07
2005/07/22,1.07,1.08,1.11,4335.72,474322.47,1.1
2005/07/25,1.07,1.09,1.1,3902.94,423020.54,1.09
2005/07/26,1.08,1.09,1.14,8130.2,900318.33,1.13
2005/07/27,1.1,1.13,1.17,7075.3,800148.51,1.17
2005/07/28,1.13,1.16,1.23,14519.02,1722048.75,1.2
2005/07/29,1.14,1.23,1.24,12262.56,1455506.75,1.15
2005/08/01,1.13,1.16,1.16,4967.0,569463.0,1.15
2005/08/02,1.14,1.15,1.21,8867.84,1045747.25,1.2
2005/08/03,1.18,1.2,1.25,17676.21,2150960.51,1.22
2005/08/04,1.18,1.22,1.23,5501.45,664013.63,1.2
2005/08/05,1.21,1.21,1.26,26002.62,3263668.76,1.26
2005/08/08,1.23,1.29,1.29,6810.5,857079.5,1.27
2005/08/09,1.24,1.26,1.3,8413.5,1072329.5,1.3
2005/08/10,1.28,1.3,1.34,8003.58,1048390.63,1.33
2005/08/11,1.3,1.33,1.4,14375.07,1970488.01,1.38
2005/08/12,1.31,1.36,1.4,12175.03,1632491.89,1.31
2005/08/15,1.24,1.29,1.33,8340.91,1056016.75,1.32
2005/08/16,1.29,1.31,1.38,10961.12,1467693.26,1.35
2005/08/17,1.31,1.36,1.37,10367.93,1390489.88,1.35
2005/08/18,1.32,1.35,1.42,21744.9,3025576.26,1.36
2005/08/19,1.3,1.34,1.37,9587.94,1273325.64,1.34
2005/08/22,1.3,1.33,1.37,9134.0,1236099.51,1.36
2005/08/23,1.35,1.4,1.41,7687.0,1057148.0,1.36
2005/08/24,1.37,1.37,1.44,15947.0,2252351.0,1.42
2005/08/25,1.41,1.41,1.49,23113.39,3399132.76,1.49
2005/08/26,1.48,1.48,1.56,20981.81,3248771.52,1.56
2005/08/29,1.48,1.62,1.64,30193.22,4709021.51,1.51
2005/08/30,1.43,1.51,1.51,13210.22,1897696.01,1.43
2005/08/31,1.36,1.36,1.4,16311.41,2235924.26,1.39
2005/09/01,1.39,1.39,1.46,11799.67,1696268.01,1.46
2005/09/02,1.45,1.46,1.51,16482.42,2428973.78,1.48
2005/09/05,1.47,1.47,1.55,18359.04,2811487.52,1.55
2005/09/06,1.48,1.55,1.61,22462.6,3528949.76,1.5
2005/09/07,1.47,1.5,1.58,26731.02,4177982.25,1.58
2005/09/08,1.54,1.6,1.62,21996.23,3495491.76,1.59
2005/09/09,1.55,1.55,1.62,12815.44,2039937.12,1.6
2005/09/12,1.56,1.6,1.68,27085.39,4480998.01,1.68
2005/09/13,1.67,1.68,1.76,34929.63,6048454.5,1.76
2005/09/14,1.67,1.77,1.78,35194.27,5981248.51,1.72
2005/09/15,1.66,1.67,1.76,17725.43,3055419.25,1.74
2005/09/16,1.72,1.74,1.79,25135.71,4432270.0,1.78
2005/09/19,1.75,1.78,1.86,24503.35,4492188.03,1.86
2005/09/20,1.85,1.85,1.95,57113.69,10879834.0,1.95
2005/09/21,1.85,1.96,2.04,68915.0,13721822.06,1.87
2005/09/22,1.78,1.83,1.83,20235.3,3618617.51,1.78
2005/09/23,1.69,1.69,1.83,33516.11,5776736.0,1.78
2005/09/26,1.69,1.69,1.73,13665.0,2318930.0,1.69
2005/09/27,1.61,1.62,1.7,25385.8,4147591.26,1.61
2005/09/28,1.53,1.54,1.6,12378.05,1911556.75,1.53
2005/09/29,1.5,1.5,1.61,19106.75,3025918.03,1.61
2005/09/30,1.6,1.63,1.69,24736.87,4087975.75,1.66
2005/10/10,1.58,1.67,1.67,11562.6,1837048.39,1.58
2005/10/11,1.51,1.52,1.64,15514.64,2468915.01,1.63
2005/10/12,1.59,1.63,1.66,15853.05,2585942.26,1.65
2005/10/13,1.57,1.6,1.65,10655.5,1693722.5,1.59
2005/10/14,1.53,1.6,1.6,6307.41,980663.94,1.53
2005/10/17,1.45,1.57,1.58,10198.01,1525240.51,1.51
2005/10/18,1.48,1.5,1.55,8415.53,1277220.01,1.54
2005/10/19,1.51,1.53,1.57,6733.5,1038462.5,1.53
2005/10/20,1.49,1.52,1.56,8073.64,1233095.14,1.55
2005/10/21,1.52,1.52,1.63,22480.89,3633026.01,1.63
2005/10/24,1.6,1.63,1.67,11475.5,1882489.5,1.64
2005/10/25,1.61,1.63,1.65,5837.27,954841.75,1.65
2005/10/26,1.57,1.64,1.65,6508.0,1034187.0,1.57
2005/10/27,1.49,1.55,1.57,8089.0,1223069.0,1.49
2005/10/28,1.42,1.43,1.43,6211.0,882297.0,1.42
2005/10/31,1.36,1.36,1.46,18102.97,2528121.52,1.41
2005/11/01,1.34,1.4,1.41,13318.55,1803388.29,1.37
2005/11/02,1.36,1.36,1.43,7801.57,1091632.63,1.4
2005/11/03,1.38,1.38,1.43,10545.0,1478472.38,1.4
2005/11/04,1.39,1.4,1.46,19087.58,2728488.78,1.44
2005/11/07,1.43,1.45,1.49,10180.08,1488069.4,1.47
2005/11/08,1.43,1.45,1.48,9059.6,1315843.5,1.47
2005/11/09,1.44,1.47,1.48,14623.67,2138545.25,1.46
2005/11/10,1.39,1.44,1.46,16785.41,2347050.01,1.39
2005/11/11,1.33,1.38,1.42,15288.53,2117392.99,1.42
2005/11/14,1.48,1.48,1.49,12788.21,1900797.26,1.49
2005/11/15,1.5,1.56,1.56,45930.56,7080593.5,1.53
2005/11/16,1.46,1.51,1.53,19330.61,2879782.55,1.51
2005/11/17,1.48,1.49,1.55,10222.4,1560238.87,1.54
2005/11/18,1.52,1.54,1.57,16615.4,2570429.5,1.55
2005/11/21,1.53,1.54,1.6,15388.23,2412710.54,1.59
2005/11/22,1.54,1.58,1.63,19718.19,3103982.26,1.55
2005/11/23,1.52,1.53,1.57,12510.0,1935880.01,1.54
2005/11/24,1.54,1.54,1.58,8192.01,1285004.0,1.57
2005/11/25,1.54,1.57,1.65,20202.5,3249671.75,1.62
2005/11/28,1.59,1.62,1.66,15227.51,2476762.0,1.62
2005/11/29,1.54,1.6,1.62,16123.08,2515126.25,1.54
2005/11/30,1.5,1.52,1.56,9599.0,1467198.01,1.54
2005/12/01,1.51,1.52,1.57,5269.2,807506.38,1.54
2005/12/02,1.48,1.53,1.56,8992.52,1360569.5,1.49
2005/12/05,1.42,1.48,1.48,9519.0,1365886.01,1.42
2005/12/06,1.38,1.4,1.44,8385.37,1186107.76,1.44
2005/12/07,1.41,1.41,1.47,6616.48,951987.06,1.47
2005/12/08,1.42,1.46,1.48,6114.56,884718.63,1.45
2005/12/09,1.43,1.43,1.48,4295.0,626907.82,1.46
2005/12/12,1.45,1.45,1.51,6702.0,1000109.06,1.5
2005/12/13,1.47,1.51,1.51,2483.5,368602.5,1.5
2005/12/14,1.48,1.5,1.51,4783.15,713323.87,1.49
2005/12/15,1.48,1.5,1.53,5353.0,803462.0,1.49
2005/12/16,1.46,1.49,1.52,4597.0,687851.0,1.51
2005/12/19,1.48,1.51,1.57,10830.5,1661014.51,1.53
2005/12/20,1.5,1.51,1.54,4656.0,702274.0,1.52
2005/12/21,1.48,1.51,1.52,5550.28,832910.44,1.48
2005/12/22,1.46,1.48,1.5,3438.81,510449.06,1.48
2005/12/23,1.48,1.51,1.52,7765.93,1166475.5,1.52
2005/12/26,1.55,1.55,1.6,15880.89,2536842.5,1.6
2005/12/27,1.61,1.68,1.68,46752.2,7744749.5,1.62
2005/12/28,1.6,1.62,1.65,12242.0,1997590.04,1.64
2005/12/29,1.6,1.65,1.66,16192.09,2620749.0,1.64
2005/12/30,1.61,1.64,1.65,7340.94,1191881.25,1.62
2006/01/04,1.57,1.6,1.63,7807.8,1254748.0,1.63
2006/01/05,1.58,1.62,1.63,11299.0,1809280.39,1.62
2006/01/06,1.59,1.63,1.68,20014.25,3249016.52,1.67
2006/01/09,1.63,1.66,1.67,19772.0,3250153.0,1.64
2006/01/10,1.61,1.62,1.65,12697.23,2070027.25,1.64
2006/01/11,1.63,1.64,1.72,54044.38,9074931.0,1.72
2006/01/12,1.7,1.72,1.79,43927.31,7687083.01,1.75
2006/01/13,1.71,1.75,1.78,19944.14,3474864.74,1.76
2006/01/16,1.67,1.73,1.73,22931.29,3873812.26,1.67
2006/01/17,1.62,1.62,1.75,21277.77,3627425.26,1.75
2006/01/18,1.72,1.73,1.79,15059.44,2641374.51,1.75
2006/01/19,1.71,1.74,1.77,12460.0,2161436.01,1.74
2006/01/20,1.7,1.73,1.74,9987.82,1711798.39,1.72
2006/01/23,1.64,1.71,1.72,14518.0,2423227.27,1.65
2006/01/24,1.63,1.64,1.68,10580.92,1748534.52,1.64
2006/01/25,1.61,1.65,1.67,9780.37,1592552.38,1.63
2006/02/06,1.61,1.65,1.71,18892.09,3175322.75,1.7
2006/02/07,1.68,1.69,1.73,9362.2,1591963.88,1.7
2006/02/08,1.64,1.7,1.7,10992.4,1832294.14,1.68
2006/02/09,1.66,1.69,1.75,16371.12,2812152.52,1.72
2006/02/10,1.68,1.72,1.74,14313.52,2442451.51,1.74
2006/02/13,1.7,1.7,1.76,12503.56,2161832.26,1.74
2006/02/14,1.71,1.72,1.76,7173.3,1248852.88,1.73
2006/02/15,1.71,1.73,1.76,16484.08,2854391.75,1.75
2006/02/16,1.66,1.73,1.74,16390.0,2759984.01,1.66
2006/02/17,1.63,1.67,1.67,10826.0,1785098.0,1.65
2006/02/20,1.63,1.65,1.69,10100.01,1681935.63,1.65
2006/02/21,1.63,1.64,1.71,11450.0,1915053.0,1.69
2006/02/22,1.67,1.7,1.72,14425.39,2435760.51,1.68
2006/02/23,1.67,1.68,1.73,19691.05,3356615.5,1.73
2006/02/24,1.7,1.71,1.75,12217.03,2101400.27,1.71
2006/02/27,1.7,1.7,1.77,19851.57,3454409.53,1.72
2006/02/28,1.7,1.72,1.74,11367.18,1961042.12,1.73
2006/03/01,1.71,1.73,1.75,13268.17,2293685.27,1.72
2006/03/02,1.69,1.72,1.74,12546.49,2153085.02,1.69
2006/03/03,1.67,1.69,1.76,20172.38,3480810.51,1.73
2006/03/06,1.71,1.73,1.75,11876.95,2057595.64,1.73
2006/03/07,1.64,1.73,1.73,19334.86,3219694.75,1.64
2006/03/08,1.57,1.62,1.63,12860.46,2051593.64,1.6
2006/03/09,1.59,1.6,1.62,5297.0,848599.0,1.6
2006/03/10,1.59,1.6,1.63,7975.78,1287030.16,1.62
2006/03/13,1.61,1.63,1.64,4888.9,793256.9,1.63
2006/03/14,1.6,1.63,1.63,5910.99,950635.38,1.61
2006/03/15,1.6,1.61,1.63,5489.48,889236.21,1.63
2006/03/16,1.61,1.62,1.63,4687.21,757268.76,1.61
2006/03/17,1.6,1.62,1.62,3432.0,552923.0,1.62
2006/03/20,1.57,1.61,1.62,8665.7,1386146.76,1.62
2006/03/21,1.6,1.62,1.63,6566.0,1060398.0,1.62
2006/03/22,1.61,1.62,1.7,21446.07,3553956.02,1.7
2006/03/23,1.65,1.7,1.75,20321.85,3447887.51,1.73
2006/03/24,1.67,1.73,1.73,12283.0,2094637.0,1.68
2006/03/27,1.65,1.68,1.68,7207.2,1200329.0,1.68
2006/03/28,1.66,1.68,1.76,32396.06,5623342.51,1.76
2006/03/29,1.72,1.79,1.85,52474.77,9415854.01,1.8
2006/03/30,1.72,1.78,1.79,20076.3,3508163.5,1.73
2006/03/31,1.71,1.71,1.77,11730.0,2044843.38,1.76
2006/04/03,1.75,1.75,1.83,17429.05,3120450.76,1.8
2006/04/04,1.75,1.8,1.81,12832.84,2271251.76,1.78
2006/04/05,1.76,1.76,1.79,11109.61,1967138.37,1.78
2006/04/06,1.72,1.78,1.78,17063.0,2972293.0,1.73
2006/04/07,1.67,1.74,1.74,23880.95,4075868.5,1.71
2006/04/10,1.68,1.71,1.77,18686.17,3241599.75,1.76
2006/04/11,1.73,1.77,1.83,32776.97,5847732.02,1.78
2006/04/12,1.76,1.77,1.83,23995.0,4325313.0,1.82
2006/04/13,1.74,1.82,1.83,24117.08,4321768.52,1.77
2006/04/14,1.74,1.76,1.82,15221.07,2716739.52,1.81
2006/04/17,1.79,1.8,1.9,39187.35,7417478.5,1.9
2006/04/18,1.86,1.95,2.0,61314.67,12036777.01,1.91
2006/04/19,1.88,1.95,1.96,25276.6,4840438.01,1.93
2006/04/20,1.83,1.93,1.96,30586.86,5719922.49,1.88
2006/04/21,1.79,1.86,1.87,26510.64,4825790.51,1.83
2006/04/24,1.74,1.81,1.81,20171.96,3543805.0,1.74
2006/04/26,1.65,1.66,1.74,45514.15,7691654.01,1.72
2006/04/27,1.69,1.72,1.81,29323.43,5208281.99,1.81
2006/04/28,1.72,1.73,1.75,38508.93,6638561.51,1.72
2006/05/08,1.63,1.68,1.71,51165.76,8423670.0,1.66
2006/05/09,1.65,1.65,1.7,27191.5,4560357.5,1.69
2006/05/10,1.66,1.68,1.77,36374.05,6290228.51,1.75
2006/05/11,1.74,1.75,1.84,66192.44,12033977.01,1.82
2006/05/12,1.75,1.8,1.83,28078.08,5025279.0,1.81
2006/05/15,1.8,1.82,1.9,57936.45,10894589.0,1.88
2006/05/16,1.79,1.87,1.87,52267.61,9386510.0,1.79
2006/05/17,1.7,1.73,1.77,41098.43,7081333.0,1.73
2006/05/18,1.69,1.71,1.82,40438.86,7163913.0,1.82
2006/05/19,1.79,1.83,1.85,40613.58,7383752.51,1.8
2006/05/22,1.77,1.8,1.89,54996.48,10231778.0,1.89
2006/05/23,1.85,1.89,1.94,50949.37,9671196.0,1.86
2006/05/24,1.77,1.85,1.89,43770.13,7934696.01,1.79
2006/05/25,1.76,1.78,1.87,31439.78,5753307.5,1.85
2006/05/26,1.84,1.87,1.94,51341.01,9809136.0,1.94
2006/05/29,1.96,1.99,2.04,70427.85,14131917.0,2.04
2006/05/30,2.05,2.12,2.14,68410.48,14490439.0,2.06
2006/05/31,2.06,2.07,2.16,57554.6,12317890.0,2.16
2006/06/01,2.17,2.25,2.27,61513.75,13578868.0,2.27
2006/06/02,2.22,2.3,2.38,64323.3,15199171.0,2.38
2006/06/05,2.29,2.38,2.46,40616.06,9695414.01,2.44
2006/06/06,2.36,2.4,2.49,42676.81,10366798.0,2.47
2006/06/07,2.35,2.45,2.45,26392.08,6253579.0,2.35
2006/06/08,2.23,2.23,2.23,2776.0,619048.0,2.23
2006/06/09,2.12,2.12,2.17,32974.28,7008502.0,2.12
2006/06/12,2.01,2.05,2.11,38359.0,7789743.5,2.01
2006/06/13,2.08,2.11,2.11,35767.03,7539210.0,2.11
2006/06/14,2.04,2.12,2.21,26640.73,5739570.0,2.19
2006/06/15,2.12,2.21,2.21,10036.0,2162745.0,2.13
2006/06/16,2.12,2.13,2.18,13503.06,2890184.0,2.14
2006/06/19,2.12,2.14,2.26,22964.04,5083171.0,2.26
2006/06/21,2.15,2.26,2.33,26059.0,5803821.01,2.15
2006/06/22,2.08,2.15,2.19,16437.82,3518263.75,2.16
2006/06/23,2.11,2.16,2.19,12827.3,2758372.0,2.15
2006/06/26,2.14,2.15,2.21,11573.8,2525530.26,2.2
2006/06/27,2.19,2.2,2.31,22623.96,5141565.01,2.27
2006/06/28,2.23,2.3,2.3,11554.0,2608257.0,2.27
2006/06/29,2.26,2.29,2.34,22851.16,5248723.51,2.28
2006/06/30,2.29,2.29,2.39,48217.79,11456528.0,2.39
2006/07/17,2.51,2.51,2.51,5987.7,1502912.75,2.51
2006/07/18,2.53,2.64,2.64,47934.58,12540729.0,2.64
2006/07/19,2.51,2.66,2.66,41917.0,10613872.0,2.51
2006/07/20,2.47,2.54,2.64,42971.91,11169465.0,2.64
2006/07/21,2.6,2.63,2.75,33617.41,9158857.01,2.71
2006/08/17,1.92,1.99,2.13,104223.63,21071406.01,2.06
2006/08/18,2.02,2.03,2.15,67944.53,14257540.12,2.05
2006/08/21,2.08,2.08,2.15,52736.09,11311033.25,2.15
2006/08/22,2.11,2.21,2.26,111211.69,24347542.0,2.14
2006/08/23,2.07,2.14,2.16,42445.37,8945140.0,2.13
2006/08/24,2.08,2.13,2.24,90435.3,20058140.02,2.24
2006/08/25,2.21,2.24,2.3,42267.73,9521691.01,2.24
2006/08/28,2.2,2.23,2.35,43478.31,9837475.01,2.3
2006/08/29,2.31,2.41,2.41,49849.25,11707086.01,2.33
2006/08/30,2.27,2.3,2.38,30941.79,7180720.51,2.34
2006/08/31,2.26,2.35,2.35,32121.04,7369632.52,2.27
2006/09/01,2.24,2.26,2.33,36073.69,8267441.5,2.31
2006/09/04,2.26,2.3,2.33,26346.25,6036378.02,2.3
2006/09/05,2.25,2.3,2.3,25928.32,5882043.04,2.25
2006/09/06,2.21,2.24,2.32,35643.42,8103098.02,2.28
2006/09/07,2.22,2.27,2.28,22058.21,4942042.02,2.22
2006/09/08,2.22,2.25,2.28,24237.35,5447697.03,2.24
2006/09/11,2.2,2.25,2.27,15337.89,3423861.03,2.24
2006/09/12,2.24,2.24,2.35,62518.17,14476557.01,2.35
2006/09/13,2.34,2.35,2.47,74491.55,17993532.01,2.36
2006/09/14,2.33,2.35,2.48,111885.19,27661849.69,2.48
2006/09/15,2.4,2.53,2.53,66999.07,16382007.0,2.44
2006/09/18,2.39,2.4,2.52,46248.21,11348163.0,2.48
2006/09/19,2.45,2.48,2.53,41700.74,10366821.01,2.49
2006/09/20,2.45,2.46,2.55,59745.68,15015384.01,2.55
2006/09/21,2.5,2.55,2.68,81861.63,21476844.02,2.59
2006/09/22,2.46,2.6,2.61,56205.05,14172760.01,2.46
2006/09/25,2.39,2.45,2.56,32131.62,7912154.52,2.45
2006/09/26,2.38,2.44,2.45,22984.16,5525478.02,2.4
2006/09/27,2.38,2.39,2.44,16729.12,4035290.0,2.42
2006/09/28,2.41,2.42,2.5,32475.43,7996900.52,2.5
2006/09/29,2.54,2.54,2.63,74196.07,19336128.01,2.63
2006/10/09,2.55,2.66,2.72,43392.83,11361497.0,2.63
2006/10/10,2.56,2.6,2.63,25376.29,6575873.02,2.61
2006/10/11,2.55,2.59,2.61,21478.22,5543799.01,2.58
2006/10/12,2.55,2.58,2.63,29257.99,7600379.52,2.61
2006/10/13,2.57,2.62,2.65,21326.34,5567501.53,2.64
2006/10/16,2.59,2.64,2.66,29258.6,7687087.03,2.64
2006/10/17,2.6,2.62,2.64,17640.27,4624489.02,2.62
2006/10/18,2.58,2.6,2.62,16906.55,4400212.04,2.6
2006/10/19,2.59,2.61,2.67,27315.58,7209372.51,2.64
2006/10/20,2.57,2.64,2.65,25389.0,6615328.51,2.57
2006/10/23,2.44,2.57,2.57,30796.0,7622704.5,2.44
2006/10/24,2.41,2.42,2.53,18244.03,4526641.02,2.53
2006/10/25,2.51,2.51,2.66,46414.17,12128417.01,2.66
2006/10/26,2.53,2.66,2.68,60852.65,15575450.0,2.55
2006/10/27,2.42,2.55,2.58,43844.34,10691664.01,2.43
2006/10/30,2.31,2.43,2.46,54895.35,12810814.01,2.35
2006/10/31,2.32,2.35,2.42,29846.68,7084296.03,2.37
2006/11/01,2.31,2.36,2.41,25438.02,5971256.02,2.34
2006/11/02,2.23,2.35,2.36,28572.82,6498290.01,2.3
2006/11/03,2.27,2.31,2.34,17466.73,4041293.78,2.32
2006/11/06,2.24,2.3,2.32,30299.55,6886588.02,2.26
2006/11/07,2.15,2.23,2.3,48199.78,10494223.01,2.16
2006/11/08,2.09,2.16,2.25,28411.42,6237136.02,2.22
2006/11/09,2.18,2.2,2.26,18292.82,4087514.54,2.26
2006/11/10,2.15,2.28,2.28,22951.35,5041445.02,2.19
2006/11/13,2.09,2.18,2.19,18760.14,3986774.51,2.12
2006/11/14,2.06,2.11,2.15,20422.13,4276498.03,2.12
2006/11/15,2.1,2.11,2.16,19276.96,4115393.02,2.15
2006/11/16,2.1,2.16,2.16,19041.61,4047257.28,2.1
2006/11/17,2.09,2.09,2.21,46648.91,10245409.0,2.21
2006/11/20,2.2,2.25,2.28,41026.07,9162855.01,2.24
2006/11/21,2.15,2.23,2.23,28307.11,6153964.48,2.19
2006/11/22,2.13,2.19,2.24,23667.66,5213223.01,2.2
2006/11/23,2.17,2.18,2.23,30052.18,6601673.01,2.22
2006/11/24,2.23,2.23,2.32,56794.85,12930842.01,2.3
2006/11/27,2.32,2.4,2.4,73569.39,17475058.0,2.37
2006/11/28,2.32,2.37,2.41,45282.72,10694764.01,2.38
2006/11/29,2.33,2.38,2.5,80992.02,19924636.01,2.5
2006/11/30,2.45,2.5,2.53,50948.78,12678901.0,2.51
2006/12/01,2.43,2.5,2.51,55780.18,13747351.0,2.5
2006/12/04,2.45,2.52,2.55,50886.21,12692488.0,2.48
2006/12/05,2.44,2.49,2.55,59709.22,14880872.02,2.51
2006/12/06,2.38,2.5,2.5,56606.44,13715022.02,2.43
2006/12/07,2.38,2.42,2.54,92006.87,22795166.02,2.48
2006/12/08,2.46,2.49,2.58,113288.63,28590288.0,2.5
2006/12/11,2.51,2.51,2.58,54705.99,13940216.01,2.57
2006/12/12,2.53,2.58,2.7,114942.94,30363920.0,2.7
2006/12/13,2.65,2.72,2.84,136141.12,38282288.51,2.84
2006/12/14,2.75,2.86,2.98,134745.37,38844900.0,2.8
2006/12/15,2.74,2.8,2.84,54634.54,15250699.01,2.8
2006/12/18,2.77,2.8,2.9,66555.26,18934144.02,2.87
2006/12/19,2.87,2.91,3.01,112588.54,33148864.0,3.01
2006/12/20,2.98,3.1,3.16,118998.28,37020312.0,3.06
2006/12/21,2.96,3.0,3.08,68929.36,20852788.01,2.98
2006/12/22,2.83,2.95,2.98,66402.9,19147154.0,2.92
2006/12/25,2.9,2.92,3.07,74445.53,22639445.88,3.05
2006/12/26,2.92,3.06,3.08,44918.17,13417749.02,3.02
2006/12/27,2.91,3.0,3.03,38096.47,11260512.0,2.95
2006/12/28,2.8,2.93,2.95,67080.1,19031748.01,2.8
2006/12/29,2.75,2.78,2.86,57790.79,16262645.02,2.79
2007/01/04,2.79,2.79,2.9,54888.36,15635881.01,2.83
2007/01/05,2.79,2.8,2.97,46217.67,13267009.02,2.96
2007/01/08,2.93,2.93,3.07,50803.33,15388962.01,3.05
2007/01/09,3.05,3.05,3.14,47067.55,14469006.01,3.08
2007/01/10,3.01,3.05,3.23,70275.0,21765055.99,3.2
2007/01/11,3.1,3.23,3.3,71091.4,22749832.01,3.13
2007/01/12,3.11,3.13,3.29,106958.16,34706596.01,3.29
2007/01/15,3.43,3.45,3.45,26340.88,9085118.0,3.45
2007/01/16,3.62,3.62,3.62,22141.75,8015313.5,3.62
2007/01/17,3.63,3.8,3.8,124763.04,47268379.81,3.8
2007/01/18,3.61,3.8,3.8,149437.45,54518080.0,3.61
2007/01/19,3.57,3.62,3.74,91866.66,33437688.0,3.7
2007/01/22,3.6,3.72,3.89,105139.63,39079532.01,3.89
2007/01/23,3.7,3.94,4.08,117053.92,45744896.0,4.08
2007/01/24,4.03,4.1,4.28,104759.05,43899008.0,4.18
2007/01/25,3.97,4.11,4.15,96795.4,39079684.01,3.97
2007/01/26,3.77,3.9,4.17,103598.92,40794764.01,4.14
2007/01/29,4.07,4.14,4.22,77260.21,32114624.01,4.18
2007/01/30,4.0,4.19,4.2,61395.76,25151854.0,4.02
2007/01/31,3.84,4.0,4.21,95255.66,37994420.0,4.04
2007/02/01,3.93,4.03,4.24,129002.28,53719716.0,4.24
2007/02/02,4.18,4.45,4.45,138651.87,60749688.0,4.22
2007/02/05,4.01,4.22,4.31,82603.61,33686316.0,4.01
2007/02/06,3.83,4.01,4.09,54149.18,21507464.01,4.08
2007/02/07,4.0,4.08,4.15,54627.09,22234646.01,4.04
2007/02/08,4.0,4.04,4.15,48348.07,19686404.0,4.14
2007/02/09,4.01,4.14,4.19,34928.08,14334808.01,4.13
2007/02/12,4.1,4.14,4.34,91124.23,39276391.97,4.34
2007/02/13,4.28,4.38,4.43,56945.39,24797206.01,4.37
2007/02/14,4.37,4.38,4.59,56969.65,25905070.01,4.59
2007/02/15,4.68,4.79,4.82,33333.09,16014734.0,4.82
2007/02/16,4.92,5.06,5.06,94589.76,47779108.0,5.06
2007/02/26,5.1,5.18,5.31,32855.47,17249936.0,5.31
2007/02/27,5.04,5.58,5.58,172631.95,92910344.5,5.05
2007/02/28,4.95,4.95,5.3,88101.74,45779404.0,5.3
2007/03/01,5.04,5.4,5.47,87449.2,45460208.0,5.13
2007/03/02,5.0,5.06,5.18,50657.82,25742926.0,5.06
2007/03/05,4.88,5.06,5.27,62714.02,31908816.01,5.12
2007/03/06,5.01,5.06,5.21,44615.76,22856358.01,5.21
2007/03/07,5.3,5.45,5.47,73289.24,39689348.0,5.47
2007/03/08,5.7,5.74,5.74,35527.32,20370934.0,5.74
2007/03/09,6.03,6.03,6.03,11658.7,7030196.0,6.03
2007/06/06,6.63,6.63,6.63,1732.88,1148899.56,6.63
2007/06/07,7.29,7.29,7.29,312.17,227571.93,7.29
2007/06/08,8.02,8.02,8.02,860.6,690201.22,8.02
2007/06/11,8.82,8.82,8.82,1136.36,1002269.51,8.82
2007/06/12,9.7,9.7,9.7,786.34,762749.87,9.7
2007/06/13,10.67,10.67,10.67,1140.39,1216796.16,10.67
2007/06/14,11.74,11.74,11.74,3077.39,3612855.75,11.74
2007/06/15,12.91,12.91,12.91,6395.12,8256100.0,12.91
2007/06/18,14.2,14.2,14.2,4254.62,6041560.5,14.2
2007/06/19,15.62,15.62,15.62,27344.5,42712108.0,15.62
2007/06/20,16.61,17.18,17.18,337939.18,579619200.0,17.18
2007/06/21,16.1,18.8,18.8,334760.85,576425600.0,16.55
2007/06/22,15.13,16.2,17.28,249107.81,404663744.0,17.0
2007/06/25,15.3,16.5,17.28,159420.63,262584240.0,15.3
2007/06/26,13.84,14.68,15.37,150228.03,220354144.0,15.32
2007/06/27,14.61,14.97,16.85,234456.92,378273888.0,16.85
2007/06/28,15.17,16.6,17.08,148292.81,240351120.0,15.17
2007/06/29,14.21,14.21,16.1,121294.83,184611328.0,14.68
2007/07/02,13.26,15.0,15.26,99847.12,141025056.0,14.08
2007/07/03,13.28,14.08,15.0,97692.89,137912576.0,14.49
2007/07/04,13.6,14.19,15.26,77703.17,114170208.01,14.37
2007/07/05,13.81,13.91,15.29,125955.12,185965936.0,14.7
2007/07/06,14.41,14.41,15.88,133984.45,204815120.0,15.68
2007/07/09,15.45,15.8,16.85,130714.55,210161328.0,16.19
2007/07/10,15.38,16.3,16.85,115932.03,186925968.0,15.5
2007/07/11,15.05,15.15,15.8,59500.96,91633320.25,15.52
2007/07/12,13.97,15.4,15.62,119175.27,174037776.03,13.97
2007/07/13,13.31,13.62,14.35,68758.7,94351128.0,14.0
2007/07/16,12.61,13.99,13.99,78669.26,103333400.0,12.83
2007/07/17,12.52,12.75,13.38,57110.0,74240080.01,12.92
2007/07/18,12.72,12.95,13.6,53520.43,70558176.01,13.2
2007/07/19,12.95,13.1,13.58,30561.46,40497748.0,13.24
2007/07/20,13.2,13.2,14.3,71874.6,100875120.0,14.21
2007/07/23,14.42,14.76,15.15,70078.97,103618264.0,14.73
2007/07/24,14.43,14.88,15.31,77797.33,116298784.0,14.73
2007/07/25,14.6,14.6,15.82,85222.29,129976608.0,15.75
2007/07/26,15.53,15.64,16.39,79198.12,127033736.0,15.89
2007/07/27,15.38,15.7,16.03,59180.13,92569800.0,15.61
2007/07/30,15.5,15.5,16.44,91592.26,146943936.0,15.85
2007/07/31,15.19,15.99,16.39,115909.73,183604864.0,16.33
2007/08/01,16.1,16.86,17.75,206285.41,351191008.0,16.45
2007/08/02,16.0,16.45,17.17,106939.22,179000032.0,16.99
2007/08/03,16.36,17.0,17.3,102623.91,171194752.0,16.53
2007/08/06,15.41,16.5,16.5,130189.98,205391536.0,15.75
2007/08/07,15.0,15.6,15.66,95038.41,144598880.0,15.14
2007/08/08,14.3,15.05,15.05,59837.75,87333648.0,14.45
2007/08/09,14.35,14.35,15.1,55104.72,81747008.0,14.82
2007/08/10,14.0,15.0,15.08,56280.93,81347576.0,14.38
2007/08/13,13.65,14.42,14.65,53013.46,73526992.0,13.8
2007/08/14,13.81,13.81,14.63,44305.64,63590900.0,14.63
2007/08/15,14.16,14.75,14.99,36895.41,53954700.0,14.5
2007/08/16,14.0,14.47,14.47,37063.56,52334128.0,14.1
2007/08/17,14.1,14.1,14.53,29319.46,41894684.0,14.2
2007/08/20,14.27,14.38,14.95,47323.8,69601888.0,14.84
2007/08/21,14.2,14.75,15.32,66305.86,97274496.0,14.2
2007/08/22,13.68,14.0,14.18,84917.58,118104024.0,14.0
2007/08/23,14.22,14.3,15.4,102304.81,150893728.0,15.4
2007/08/24,15.14,15.9,16.3,138598.58,218155632.0,15.15
2007/08/27,14.39,15.12,15.12,108333.15,159454160.0,14.4
2007/08/28,14.05,14.15,14.58,67154.58,95832064.0,14.58
2007/08/29,14.61,14.61,15.3,89132.07,133911000.0,14.8
2007/08/30,14.8,14.8,16.22,121690.66,187841200.0,16.12
2007/08/31,15.62,16.25,16.29,87983.28,139525888.0,15.66
2007/09/03,15.42,15.42,16.6,121863.41,197468896.0,16.17
2007/09/04,15.61,16.17,17.09,147548.14,244341727.75,16.75
2007/09/05,16.25,16.72,17.35,109502.05,184209872.0,16.75
2007/09/06,15.84,16.7,16.78,96375.19,157123120.0,15.85
2007/09/07,15.12,15.9,15.99,90668.52,139727568.0,15.16
2007/09/10,14.82,15.01,15.5,60659.1,92202280.0,15.37
2007/09/11,14.0,15.3,15.45,56003.39,83054800.0,14.0
2007/09/12,13.79,13.91,14.43,51665.17,72375768.0,14.18
2007/09/13,13.85,14.18,14.47,38850.57,55067760.0,14.36
2007/09/14,14.0,14.6,14.67,36647.29,52518224.0,14.3
2007/09/17,14.3,14.3,14.98,43836.18,64797796.0,14.83
2007/09/18,14.5,15.0,15.05,30792.17,45146380.0,14.57
2007/09/19,14.0,14.57,14.88,39976.28,56875720.0,14.05
2007/09/20,14.0,14.2,14.38,32264.18,45577648.01,14.14
2007/09/21,13.3,14.13,14.14,52670.59,71941328.01,13.52
2007/09/24,13.52,13.52,14.87,28098.18,40884980.0,14.87
2007/09/25,15.5,16.0,16.36,166838.48,268059888.0,15.55
2007/09/26,14.68,15.6,15.78,53820.05,81761640.0,14.79
2007/09/27,14.37,14.76,15.0,35482.57,51867392.0,14.48
2007/09/28,14.59,14.59,15.39,42880.67,64572400.0,15.0
2007/10/08,15.15,15.15,16.1,65568.68,102828128.0,15.4
2007/10/09,15.08,15.3,16.0,43400.52,67758664.0,15.67
2007/10/10,15.1,15.7,16.22,65684.68,104123456.25,15.69
2007/10/11,14.75,15.75,15.98,59011.3,89319912.0,14.88
2007/10/12,13.8,14.73,14.97,51270.75,73151904.0,14.39
2007/10/15,13.6,14.38,14.38,43548.04,60594268.0,13.93
2007/10/16,13.86,13.94,14.38,30690.14,43105840.0,14.0
2007/10/17,13.9,14.05,14.43,28139.73,39706400.01,14.0
2007/10/18,13.76,14.0,14.3,25649.03,35754580.0,14.0
2007/10/19,13.91,14.06,14.39,25186.31,35704292.0,14.1
2007/10/22,13.18,14.08,14.08,31761.62,43291956.0,13.18
2007/10/23,12.75,13.22,13.49,23026.21,30122722.0,13.1
2007/10/24,12.8,13.2,13.37,22427.43,29418810.01,13.11
2007/10/25,13.11,13.17,14.42,157153.71,224802480.01,14.42
2007/10/26,13.6,14.2,14.73,57978.77,82987952.0,14.18
2007/10/29,13.6,14.49,14.56,35943.99,50167040.01,14.25
2007/10/30,13.98,14.23,15.25,58617.07,87166136.0,15.24
2007/10/31,15.0,15.24,15.92,75040.31,116043648.5,15.25
2007/11/01,15.03,15.34,16.0,88018.04,137797216.0,15.8
2007/11/02,15.55,16.0,17.38,153586.53,255563248.0,17.38
2007/11/05,17.0,17.8,19.12,194091.32,354808416.0,17.8
2007/11/06,16.56,17.8,18.0,101260.95,173336944.0,16.61
2007/11/07,16.21,16.62,18.27,103646.78,182026272.0,18.27
2007/11/08,17.5,18.0,19.6,137614.21,257959760.5,18.2
2007/11/09,16.6,18.17,18.49,84351.25,146646944.0,17.2
2007/11/12,15.48,16.81,17.21,82056.26,130661328.0,15.48
2007/11/13,14.3,15.48,15.9,103318.45,152883712.0,14.5
2007/11/14,14.5,14.5,15.95,85659.0,133083304.0,15.95
2007/11/15,15.61,16.55,16.6,62764.42,101246496.0,15.7
2007/11/16,15.5,15.68,16.24,32928.22,52409360.0,16.03
2007/11/19,15.31,15.35,15.99,32777.25,51151236.0,15.9
2007/11/20,15.53,15.92,17.25,58919.53,97287320.0,16.97
2007/11/21,16.73,17.03,17.55,66160.22,113653440.0,17.0
2007/11/22,16.8,17.3,18.0,96729.28,169503744.0,17.01
2007/11/23,16.82,17.39,17.94,71096.97,122809880.0,17.15
2007/11/26,16.61,17.88,18.16,91083.36,158598288.0,16.61
2007/11/27,14.95,16.35,16.35,111197.28,169592048.0,14.95
2007/11/28,14.65,14.65,15.7,69922.27,107308648.0,15.7
2007/11/29,15.5,16.05,16.18,54551.94,86213184.0,15.69
2007/11/30,14.78,15.9,15.95,55105.33,83508192.0,14.9
2007/12/03,15.0,15.0,15.7,48033.24,74287160.0,15.46
2007/12/04,14.12,15.01,15.25,70493.57,104237488.0,15.06
2007/12/06,15.15,15.2,15.76,43156.61,66482564.0,15.31
2007/12/07,15.2,15.5,15.64,33455.2,51611332.0,15.53
2007/12/10,15.22,15.22,16.02,45681.87,71436720.0,15.84
2007/12/11,15.6,15.84,16.18,43792.19,69642472.0,16.18
2007/12/12,15.95,16.23,17.75,100735.82,172749872.0,17.52
2007/12/13,16.28,17.2,17.7,61347.58,104666792.0,16.57
2007/12/14,16.0,16.42,17.2,42132.18,70176640.0,16.88
2007/12/17,16.8,17.0,17.6,60337.17,104153056.0,16.95
2007/12/18,16.2,16.95,16.95,26181.82,43121768.0,16.23
2007/12/19,16.23,16.23,17.39,34662.84,58695692.01,16.93
2007/12/20,16.71,16.98,17.6,50512.56,87358544.0,17.1
2007/12/21,16.9,17.1,18.2,88382.76,156992592.0,17.98
2007/12/24,18.0,18.21,18.75,98902.14,181695952.0,18.33
2007/12/25,17.88,18.33,18.62,48262.96,88160463.88,18.18
2007/12/26,18.08,18.1,19.3,74283.09,140507728.0,19.12
2007/12/27,19.0,19.2,19.55,61520.69,117941824.0,19.29
2007/12/28,18.35,19.31,19.51,74576.27,140439904.0,18.44
2008/01/02,18.33,18.33,19.29,43133.97,81514040.0,18.98
2008/01/03,18.6,19.0,20.88,220586.52,446422848.0,20.88
2008/01/04,20.5,21.2,22.97,187926.61,411134272.0,22.93
2008/01/07,21.8,22.2,23.98,163912.02,372563232.0,22.58
2008/01/08,21.88,22.49,23.2,95092.55,213968544.0,22.58
2008/01/09,22.4,22.7,23.4,83149.94,190592496.0,23.03
2008/01/10,22.76,23.2,23.86,83012.87,192469520.0,23.03
2008/01/11,21.7,22.92,23.18,92927.73,205911392.0,21.72
2008/01/14,21.51,21.51,22.35,78317.3,171745488.0,21.71
2008/01/15,20.88,20.99,22.5,82844.44,180020272.0,21.8
2008/01/16,20.51,21.81,21.9,79214.89,166763168.0,20.52
2008/01/17,18.6,20.4,20.98,65562.8,130210960.0,19.88
2008/01/18,19.61,19.78,20.63,37060.5,74448952.0,20.59
2008/01/21,18.98,20.7,20.97,34005.54,67761512.0,19.0
2008/01/22,17.1,18.78,18.78,67070.2,117819320.0,17.15
2008/01/23,16.48,17.5,17.85,57816.0,99864064.0,17.49
2008/01/25,17.75,17.75,19.24,64350.07,121186112.0,19.24
2008/01/28,17.4,19.87,19.87,70795.02,130195880.0,17.7
2008/01/29,16.94,17.59,18.49,31270.85,55709804.0,18.13
2008/01/30,17.59,18.13,18.89,42544.43,78081112.0,18.39
2008/01/31,17.68,18.6,18.6,15336.89,27674984.01,17.7
2008/02/01,16.01,17.86,17.86,33798.48,56517176.01,16.64
2008/02/04,16.81,16.81,18.2,23543.03,41959868.0,18.1
2008/02/05,17.23,18.14,18.14,21400.09,37784276.0,17.55
2008/02/13,17.48,17.86,18.6,21165.47,38073263.88,18.07
2008/02/14,18.07,18.2,18.6,12477.05,22786376.0,18.3
2008/02/15,17.5,18.1,18.1,13549.92,24116092.0,17.7
2008/02/18,17.9,18.0,18.7,25343.82,46380664.0,18.4
2008/02/19,18.22,18.22,18.99,23541.21,44083644.0,18.72
2008/02/20,18.45,18.75,19.38,30568.52,57433464.0,18.7
2008/02/21,17.8,18.65,18.72,33407.59,60515976.0,17.98
2008/02/22,17.02,17.99,18.22,29577.69,52170376.0,17.35
2008/02/25,16.75,17.35,17.77,22285.15,38161204.0,16.82
2008/02/26,16.3,17.4,17.62,22431.13,37398112.0,16.71
2008/02/27,16.65,16.81,17.3,15476.92,26317892.0,16.95
2008/02/28,16.9,17.24,17.5,23836.75,41027252.0,16.96
2008/02/29,16.96,16.96,18.66,66346.29,120043456.0,18.66
2008/03/03,18.67,18.95,20.2,96939.92,188305616.0,19.75
2008/03/04,18.99,19.95,19.95,54575.66,105686096.0,19.1
2008/03/05,17.82,19.0,19.0,43496.8,80090303.88,18.38
2008/03/06,18.46,18.46,19.3,40481.05,76875744.0,18.92
2008/03/07,18.36,18.75,19.2,24814.74,46234656.0,18.41
2008/03/10,17.5,18.5,18.5,22374.59,40289172.0,17.55
2008/03/11,17.1,17.5,17.9,18895.83,32999532.0,17.6
2008/03/12,17.58,17.78,18.44,33586.65,60619492.0,17.77
2008/03/13,17.2,17.88,18.37,50671.88,91213456.0,18.1
2008/03/14,18.1,18.28,19.5,82315.11,155708256.0,19.09
2008/06/26,17.18,17.18,17.18,1654.0,2841572.0,17.18
2008/06/27,15.46,15.46,15.46,338.0,522548.0,15.46
2008/06/30,13.91,13.91,13.91,1286.0,1788826.0,13.91
2008/07/01,12.52,12.52,12.52,522.0,653544.0,12.52
2008/07/02,11.27,11.27,11.27,819.0,923013.0,11.27
2008/07/03,10.14,10.14,11.0,359216.1,369121214.0,10.14
2008/07/04,9.13,9.61,9.98,200235.55,191657153.0,9.13
2008/07/07,8.93,9.06,9.8,168618.09,158753776.0,9.61
2008/07/08,9.11,9.48,9.8,158678.36,149599312.0,9.8
2008/07/09,10.08,10.08,10.78,225527.72,237101760.0,10.78
2008/07/10,10.9,11.05,11.81,284273.18,321757376.0,11.25
2008/07/11,10.4,11.0,11.19,133736.28,142897728.0,10.61
2008/07/14,10.21,10.4,10.99,85123.53,91221208.0,10.76
2008/07/15,9.8,10.93,10.95,99834.15,102403352.0,9.84
2008/07/16,8.86,9.5,9.79,92586.1,84851536.0,8.93
2008/07/17,8.7,9.05,9.3,66416.61,60065804.0,8.92
2008/07/18,8.06,8.99,9.1,94475.16,80508088.0,8.99
2008/07/21,8.66,8.95,9.66,95691.88,88520760.0,9.57
2008/07/22,9.36,9.5,9.75,71676.9,68074176.0,9.37
2008/07/23,9.05,9.41,9.55,66553.16,61795380.0,9.16
2008/07/24,9.16,9.23,9.56,73293.65,68945592.01,9.46
2008/07/25,9.0,9.28,9.39,71182.68,65363588.0,9.19
2008/07/28,9.21,9.27,10.07,111312.51,107652031.88,9.74
2008/07/30,9.18,9.68,9.68,68699.3,64722544.0,9.3
2008/07/31,8.76,9.43,9.43,43425.43,38897564.0,8.78
2008/08/01,8.25,8.59,8.9,51008.23,43499104.0,8.7
2008/08/04,8.22,8.66,8.66,34008.75,28491304.0,8.23
2008/08/05,8.02,8.19,8.37,33160.08,27226714.0,8.23
2008/08/06,7.41,8.21,8.21,74038.43,56423480.0,7.54
2008/08/07,6.95,7.53,7.53,89736.07,64026112.0,7.07
2008/08/08,6.36,7.07,7.07,87847.08,58268148.0,6.36
2008/08/11,5.72,6.1,6.15,55260.09,32575224.0,5.72
2008/08/12,5.6,5.6,5.95,53530.95,31036164.0,5.8
2008/08/13,5.36,5.75,5.86,67608.19,37801472.01,5.74
2008/08/14,5.61,5.68,5.96,61016.42,35428680.0,5.85
2008/08/15,5.55,5.75,5.85,49898.2,28430054.0,5.65
2008/08/18,5.09,5.58,5.58,45721.59,23864120.0,5.09
2008/08/19,4.78,4.87,5.14,44809.34,22283184.01,4.97
2008/08/20,4.92,4.98,5.47,76772.21,40999968.01,5.47
2008/08/21,5.48,5.57,6.0,139677.66,79848816.0,5.61
2008/08/22,5.05,5.45,5.51,84104.67,44095108.0,5.18
2008/08/25,4.99,5.14,5.26,32372.71,16711524.01,5.1
2008/08/26,4.59,5.09,5.09,55829.37,26750190.0,4.59
2008/08/27,4.42,4.63,4.77,39632.51,18240944.01,4.65
2008/08/28,4.5,4.6,4.8,34135.43,15925622.01,4.66
2008/08/29,4.7,4.76,5.13,100051.86,50868668.01,5.13
2008/09/01,4.76,5.18,5.26,82164.72,40978364.0,4.88
2008/09/02,4.63,4.87,5.02,46212.1,22395164.0,4.88
2008/09/03,4.78,4.93,5.33,89368.89,45772980.01,5.15
2008/09/04,4.92,5.1,5.19,52133.5,26247218.01,5.09
2008/09/05,4.58,4.85,4.99,51079.65,24294890.0,4.58
2008/09/08,4.18,4.45,4.62,43905.19,19105256.01,4.29
2008/09/09,4.22,4.39,4.44,28642.76,12419310.0,4.35
2008/09/10,4.11,4.35,4.58,42711.68,18683060.0,4.4
2008/09/11,4.05,4.26,4.4,31281.96,13166666.0,4.15
2008/09/12,4.04,4.2,4.26,33453.91,13917688.0,4.17
2008/09/16,3.98,4.2,4.37,39719.9,16612747.01,4.02
2008/09/17,3.85,3.97,4.06,34795.0,13629681.0,3.94
2008/09/18,3.55,3.79,3.86,59014.55,21569830.0,3.68
2008/09/19,3.86,4.02,4.05,73207.27,29377926.0,4.05
2008/09/22,4.02,4.29,4.46,101652.87,43335688.0,4.19
2008/09/23,3.77,4.0,4.04,77252.91,29501890.0,3.77
2008/09/24,3.45,3.76,3.86,51033.75,18581008.0,3.86
2008/09/25,3.74,3.78,4.09,73452.51,28882856.0,3.91
2008/09/26,3.75,3.86,4.08,71267.07,27786984.01,3.99
2008/10/06,3.62,3.92,3.92,45184.12,16904820.0,3.64
2008/10/07,3.44,3.44,3.77,39564.4,14214305.0,3.65
2008/10/08,3.4,3.53,3.61,32188.05,11281360.0,3.52
2008/10/09,3.36,3.57,3.62,37212.99,12815028.0,3.45
2008/10/10,3.11,3.27,3.36,42280.5,13264432.0,3.11
2008/10/13,2.81,3.03,3.14,49923.38,14907046.01,3.09
2008/10/14,2.9,3.19,3.2,58256.63,18082846.0,2.97
2008/10/15,2.81,2.93,2.93,34132.1,9762757.0,2.87
2008/10/16,2.65,2.74,3.04,63184.85,18216778.02,2.93
2008/10/17,2.8,2.95,2.99,41586.94,12057091.01,2.88
2008/10/20,2.82,2.82,3.17,141346.16,44341120.01,3.17
2008/10/21,3.05,3.21,3.23,116241.49,36478900.0,3.09
2008/10/22,2.83,3.0,3.06,54681.27,15999428.06,2.89
2008/10/23,2.89,2.91,3.02,56126.51,16584857.01,2.99
2008/10/24,2.78,2.94,2.97,42598.36,12226020.0,2.82
2008/10/27,2.54,2.72,2.73,51494.69,13424652.0,2.54
2008/10/28,2.38,2.4,2.57,45710.31,11315625.0,2.51
2008/10/29,2.43,2.55,2.59,48088.87,12053548.01,2.46
2008/10/30,2.4,2.5,2.53,41296.04,10217852.0,2.45
2008/10/31,2.4,2.46,2.51,26572.0,6541495.51,2.41
2008/11/03,2.35,2.37,2.44,17298.16,4158912.51,2.4
2008/11/04,2.24,2.43,2.43,26146.56,6034258.01,2.28
2008/11/05,2.28,2.28,2.4,32119.06,7535194.5,2.33
2008/11/06,2.1,2.27,2.27,52428.22,11456982.0,2.22
2008/11/07,2.1,2.13,2.29,41286.22,9192371.0,2.25
2008/11/10,2.25,2.28,2.48,91573.31,22263904.0,2.48
2008/11/11,2.45,2.48,2.65,100947.53,25777848.0,2.5
2008/11/12,2.46,2.5,2.66,74290.96,18873446.0,2.63
2008/11/13,2.54,2.6,2.89,95715.86,26802190.0,2.89
2008/11/14,2.99,2.99,3.18,47277.06,14750177.0,3.18
2008/11/17,3.42,3.5,3.5,82281.09,28744570.0,3.5
2008/11/18,3.66,3.8,3.85,254437.08,97278576.0,3.85
2008/11/19,3.62,3.94,4.24,340820.16,135807856.0,4.24
2008/11/20,4.15,4.24,4.66,252491.95,113594112.0,4.66
2008/11/26,4.19,4.19,4.19,7724.0,3236356.0,4.19
2008/11/27,3.87,4.2,4.61,444120.68,189538400.0,3.88
2008/11/28,3.49,3.65,3.7,200425.0,71182176.0,3.49
2008/12/01,3.3,3.4,3.64,217170.14,75576240.0,3.6
2008/12/02,3.44,3.49,3.75,182590.75,65648852.0,3.59
2008/12/03,3.58,3.58,3.8,160860.17,59780084.0,3.77
2008/12/04,3.78,3.86,4.15,212049.19,85399408.0,4.15
2008/12/05,4.15,4.19,4.57,317041.03,141438080.0,4.57
2008/12/08,4.85,5.0,5.03,107883.22,54157752.0,5.03
2008/12/09,5.0,5.52,5.53,436854.19,233023440.0,5.0
2008/12/10,4.74,4.81,5.5,347541.78,184226960.0,5.5
2008/12/11,5.71,5.72,6.05,453513.7,270003520.0,6.05
2008/12/17,5.45,5.45,6.55,415252.42,246059552.0,5.87
2008/12/18,5.6,5.87,6.12,273978.3,159587888.0,5.77
2008/12/19,5.51,5.63,5.84,210022.73,118820704.0,5.68
2008/12/22,5.3,5.69,5.69,170690.51,93100184.0,5.46
2008/12/23,5.38,5.5,5.95,321973.63,184795376.0,5.65
2008/12/24,5.09,5.4,5.44,217670.69,112739312.0,5.09
2008/12/25,4.78,4.99,5.26,170144.93,85691280.0,5.17
2008/12/26,4.84,5.1,5.12,108475.29,53845504.0,4.91
2008/12/29,4.85,4.99,5.12,124427.79,62069943.75,5.07
2008/12/30,4.67,5.1,5.12,135496.24,66127320.0,4.72
2008/12/31,4.57,4.65,5.19,292040.67,145767680.0,5.19
